MOIS;THEMATIQUES;Nombre de sujets de JT;Nombre de sujets de JT;Nombre de sujets de JT;Nombre de sujets de JT;Nombre de sujets de JT;Nombre de sujets de JT;Nombre de sujets de JT
;;TF1;France 2;France 3;Canal +;Arte;M6;Totaux
janv.-05;Catastrophes;214;191;88;18;40;49;600
janv.-05;Culture-loisirs;27;42;35;4;0;23;131
janv.-05;Economie;35;18;10;1;8;11;83
janv.-05;Education;14;12;4;3;3;8;44
janv.-05;Environnement;31;25;15;1;3;10;85
janv.-05;Faits divers;24;19;9;1;1;14;68
janv.-05;Histoire-hommages;36;38;24;10;23;19;150
janv.-05;International;52;61;54;15;108;26;316
janv.-05;Justice;20;27;16;11;11;7;92
janv.-05;Politique France;27;25;25;6;22;8;113
janv.-05;Santé;21;19;15;0;2;12;69
janv.-05;Sciences et techniques;28;11;11;4;2;7;63
janv.-05;Société;139;129;65;24;31;53;441
janv.-05;Sport;37;49;19;7;0;32;144
févr.-05;Catastrophes;42;30;13;4;14;14;117
févr.-05;Culture-loisirs;41;66;23;12;5;29;176
févr.-05;Economie;46;43;24;2;7;11;133
févr.-05;Education;27;31;22;7;7;10;104
févr.-05;Environnement;46;25;12;0;6;7;96
févr.-05;Faits divers;17;16;13;8;0;10;64
févr.-05;Histoire-hommages;14;12;12;1;9;4;52
févr.-05;International;100;110;81;26;160;32;509
févr.-05;Justice;56;52;43;15;8;26;200
févr.-05;Politique France;23;18;13;2;4;6;66
févr.-05;Santé;50;41;20;9;6;16;142
févr.-05;Sciences et techniques;17;15;10;0;4;4;50
févr.-05;Société;177;132;67;29;27;70;502
févr.-05;Sport;54;58;29;18;3;38;200
mars-05;Catastrophes;47;44;27;1;10;20;149
mars-05;Culture-loisirs;48;81;38;14;2;39;222
mars-05;Economie;92;50;27;2;13;14;198
mars-05;Education;33;24;15;3;4;18;97
mars-05;Environnement;57;57;14;4;0;13;145
mars-05;Faits divers;32;28;18;3;9;12;102
mars-05;Histoire-hommages;7;7;1;1;3;0;19
mars-05;International;109;140;104;30;189;47;619
mars-05;Justice;44;60;30;13;21;14;182
mars-05;Politique France;38;22;22;5;5;12;104
mars-05;Santé;69;75;44;14;19;40;261
mars-05;Sciences et techniques;29;27;8;3;3;6;76
mars-05;Société;217;187;89;34;39;78;644
mars-05;Sport;55;63;31;15;1;46;211
avr.-05;Catastrophes;16;17;7;1;2;7;50
avr.-05;Culture-loisirs;28;46;21;8;1;20;124
avr.-05;Economie;57;38;20;11;17;12;155
avr.-05;Education;12;13;7;2;2;7;43
avr.-05;Environnement;30;11;6;1;1;10;59
avr.-05;Faits divers;20;19;15;4;4;8;70
avr.-05;Histoire-hommages;34;34;19;6;13;14;120
avr.-05;International;74;82;66;16;130;23;391
avr.-05;Justice;33;26;35;19;5;18;136
avr.-05;Politique France;31;23;15;5;5;10;89
avr.-05;Santé;23;24;18;5;3;8;81
avr.-05;Sciences et techniques;13;12;8;1;5;6;45
avr.-05;Société;275;276;154;47;92;118;962
avr.-05;Sport;31;26;16;8;1;29;111
mai-05;Catastrophes;12;11;7;1;0;8;39
mai-05;Culture-loisirs;47;78;42;10;4;40;221
mai-05;Economie;74;65;26;8;15;15;203
mai-05;Education;24;9;7;1;4;6;51
mai-05;Environnement;33;26;9;1;3;7;79
mai-05;Faits divers;18;27;21;9;0;12;87
mai-05;Histoire-hommages;22;31;17;4;17;13;104
mai-05;International;154;216;119;42;220;66;817
mai-05;Justice;43;41;26;19;12;17;158
mai-05;Politique France;56;57;47;16;13;24;213
mai-05;Santé;48;35;22;2;2;22;131
mai-05;Sciences et techniques;31;23;6;0;2;7;69
mai-05;Société;176;143;82;27;37;60;525
mai-05;Sport;58;61;38;14;0;53;224
juin-05;Catastrophes;37;24;20;1;8;12;102
juin-05;Culture-loisirs;38;47;27;2;0;16;130
juin-05;Economie;54;44;35;2;11;10;156
juin-05;Education;19;22;12;3;2;13;71
juin-05;Environnement;54;46;10;0;10;11;131
juin-05;Faits divers;13;24;19;10;0;11;77
juin-05;Histoire-hommages;3;10;6;0;3;3;25
juin-05;International;95;105;91;14;168;26;499
juin-05;Justice;51;44;31;11;12;20;169
juin-05;Politique France;29;25;21;4;5;5;89
juin-05;Santé;23;32;13;6;1;10;85
juin-05;Sciences et techniques;22;25;3;1;3;4;58
juin-05;Société;168;134;72;21;26;67;488
juin-05;Sport;53;49;34;12;2;29;179
juil.-05;Catastrophes;43;46;15;9;12;13;138
juil.-05;Culture-loisirs;47;61;25;2;3;19;157
juil.-05;Economie;43;34;25;11;12;13;138
juil.-05;Education;9;11;8;2;1;3;34
juil.-05;Environnement;42;48;18;3;9;18;138
juil.-05;Faits divers;14;11;8;4;1;8;46
juil.-05;Histoire-hommages;8;11;9;1;4;4;37
juil.-05;International;185;208;134;52;148;72;799
juil.-05;Justice;22;23;23;14;17;12;111
juil.-05;Politique France;29;31;21;9;8;11;109
juil.-05;Santé;21;9;4;1;3;3;41
juil.-05;Sciences et techniques;16;24;7;9;9;8;73
juil.-05;Société;89;84;61;28;27;42;331
juil.-05;Sport;81;94;55;31;4;55;320
août-05;Catastrophes;142;169;96;35;48;58;548
août-05;Culture-loisirs;48;72;31;6;7;23;187
août-05;Economie;58;58;35;9;5;19;184
août-05;Education;25;19;12;3;2;15;76
août-05;Environnement;66;53;27;6;13;16;181
août-05;Faits divers;34;34;17;10;9;21;125
août-05;Histoire-hommages;14;15;17;2;12;11;71
août-05;International;67;81;53;38;176;33;448
août-05;Justice;15;20;19;4;7;4;69
août-05;Politique France;16;19;21;8;4;7;75
août-05;Santé;32;32;12;4;8;13;101
août-05;Sciences et techniques;26;20;15;7;9;14;91
août-05;Société;159;139;116;39;38;54;545
août-05;Sport;58;69;38;28;4;43;240
sept.-05;Catastrophes;115;102;51;19;32;46;365
sept.-05;Culture-loisirs;40;55;25;5;1;17;143
sept.-05;Economie;63;39;36;21;21;28;208
sept.-05;Education;16;19;7;3;0;3;48
sept.-05;Environnement;51;34;19;1;5;4;114
sept.-05;Faits divers;19;17;15;7;4;14;76
sept.-05;Histoire-hommages;7;10;4;4;5;3;33
sept.-05;International;65;71;45;25;133;29;368
sept.-05;Justice;25;24;20;11;12;13;105
sept.-05;Politique France;47;47;46;20;9;19;188
sept.-05;Santé;29;21;18;5;4;5;82
sept.-05;Sciences et techniques;10;17;8;4;3;5;47
sept.-05;Société;124;102;78;38;32;55;429
sept.-05;Sport;41;43;25;11;0;33;153
oct.-05;Catastrophes;47;49;30;8;39;22;195
oct.-05;Culture-loisirs;42;57;32;7;3;26;167
oct.-05;Economie;47;31;18;10;8;7;121
oct.-05;Education;15;8;5;1;0;1;30
oct.-05;Environnement;22;14;8;3;2;9;58
oct.-05;Faits divers;7;11;12;4;3;2;39
oct.-05;Histoire-hommages;10;6;8;0;2;5;31
oct.-05;International;69;70;59;27;114;29;368
oct.-05;Justice;40;40;34;20;16;17;167
oct.-05;Politique France;23;21;13;11;3;9;80
oct.-05;Santé;63;70;45;15;33;24;250
oct.-05;Sciences et techniques;24;22;12;4;7;8;77
oct.-05;Société;153;140;109;39;44;65;550
oct.-05;Sport;40;31;23;3;0;25;122
nov.-05;Catastrophes;29;22;9;1;13;15;89
nov.-05;Culture-loisirs;50;57;43;5;11;19;185
nov.-05;Economie;51;40;33;7;10;17;158
nov.-05;Education;17;16;8;5;2;3;51
nov.-05;Environnement;39;34;15;4;16;13;121
nov.-05;Faits divers;24;31;18;15;1;18;107
nov.-05;Histoire-hommages;18;12;13;1;4;1;49
nov.-05;International;67;74;39;24;127;21;352
nov.-05;Justice;45;39;40;18;19;25;186
nov.-05;Politique France;32;40;26;13;7;8;126
nov.-05;Santé;47;36;26;10;12;16;147
nov.-05;Sciences et techniques;20;20;10;1;1;8;60
nov.-05;Société;291;253;203;81;104;116;1048
nov.-05;Sport;47;48;22;8;0;33;158
déc.-05;Catastrophes;52;42;37;4;12;36;183
déc.-05;Culture-loisirs;60;50;30;5;3;18;166
déc.-05;Economie;61;64;30;18;9;19;201
déc.-05;Education;16;14;5;3;1;4;43
déc.-05;Environnement;29;37;14;6;9;8;103
déc.-05;Faits divers;17;13;20;7;2;8;67
déc.-05;Histoire-hommages;13;12;6;4;3;5;43
déc.-05;International;52;67;52;23;107;28;329
déc.-05;Justice;32;27;28;12;13;8;120
déc.-05;Politique France;24;16;17;5;0;16;78
déc.-05;Santé;19;19;12;1;4;7;62
déc.-05;Sciences et techniques;30;14;10;2;2;6;64
déc.-05;Société;186;166;104;38;56;60;610
déc.-05;Sport;29;27;21;5;2;26;110
janv.-06;Catastrophes;43;30;21;6;7;20;127
janv.-06;Culture-loisirs;52;63;38;11;4;33;201
janv.-06;Economie;47;39;26;8;20;15;155
janv.-06;Education;26;12;7;4;2;5;56
janv.-06;Environnement;42;46;24;4;8;15;139
janv.-06;Faits divers;31;32;20;6;2;18;109
janv.-06;Histoire-hommages;10;10;11;6;4;2;43
janv.-06;International;79;88;79;31;138;28;443
janv.-06;Justice;54;38;34;18;23;28;195
janv.-06;Politique France;26;28;26;11;20;10;121
janv.-06;Santé;50;42;24;9;27;15;167
janv.-06;Sciences et techniques;22;17;17;1;7;9;73
janv.-06;Société;159;142;100;34;43;55;533
janv.-06;Sport;40;42;26;5;2;35;150
févr.-06;Catastrophes;13;16;7;5;12;13;66
févr.-06;Culture-loisirs;42;47;26;11;2;21;149
févr.-06;Economie;46;44;18;11;11;18;148
févr.-06;Education;6;6;2;0;3;1;18
févr.-06;Environnement;32;21;19;8;9;11;100
févr.-06;Faits divers;32;28;27;10;7;12;116
févr.-06;Histoire-hommages;11;3;2;2;4;1;23
févr.-06;International;42;40;45;30;104;20;281
févr.-06;Justice;49;44;27;17;17;21;175
févr.-06;Politique France;29;21;23;9;11;8;101
févr.-06;Santé;99;94;54;29;38;36;350
févr.-06;Sciences et techniques;19;12;11;5;3;4;54
févr.-06;Société;124;104;76;40;55;58;457
févr.-06;Sport;45;69;42;5;5;42;208
mars-06;Catastrophes;25;18;7;4;3;7;64
mars-06;Culture-loisirs;46;48;28;12;2;16;152
mars-06;Economie;37;29;18;9;12;7;112
mars-06;Education;37;46;30;9;10;20;152
mars-06;Environnement;40;24;20;4;18;6;112
mars-06;Faits divers;16;8;13;6;3;12;58
mars-06;Histoire-hommages;6;2;5;0;2;1;16
mars-06;International;57;72;41;46;133;30;379
mars-06;Justice;45;38;31;26;34;19;193
mars-06;Politique France;32;16;22;10;3;8;91
mars-06;Santé;59;50;21;12;19;15;176
mars-06;Sciences et techniques;14;15;10;10;7;8;64
mars-06;Société;211;230;147;60;67;78;793
mars-06;Sport;47;42;23;7;2;23;144
avr.-06;Catastrophes;12;9;8;1;13;5;48
avr.-06;Culture-loisirs;37;66;24;11;2;16;156
avr.-06;Economie;53;51;37;15;10;19;185
avr.-06;Education;22;24;16;4;3;9;78
avr.-06;Environnement;39;26;13;3;8;9;98
avr.-06;Faits divers;19;15;11;4;4;16;69
avr.-06;Histoire-hommages;5;9;6;3;4;3;30
avr.-06;International;49;80;61;48;140;19;397
avr.-06;Justice;33;31;30;15;13;13;135
avr.-06;Politique France;20;27;26;6;13;7;99
avr.-06;Santé;39;31;29;5;7;12;123
avr.-06;Sciences et techniques;25;28;12;9;13;10;97
avr.-06;Société;196;163;112;50;55;67;643
avr.-06;Sport;47;53;30;7;1;32;170
mai-06;Catastrophes;35;29;17;4;9;11;105
mai-06;Culture-loisirs;63;60;43;6;5;23;200
mai-06;Economie;64;49;30;14;13;13;183
mai-06;Education;23;17;5;1;2;6;54
mai-06;Environnement;34;33;18;4;9;11;109
mai-06;Faits divers;20;15;16;6;8;16;81
mai-06;Histoire-hommages;12;7;9;3;6;7;44
mai-06;International;43;66;39;40;146;19;353
mai-06;Justice;75;84;78;42;36;39;354
mai-06;Politique France;37;35;25;15;17;7;136
mai-06;Santé;27;29;19;3;11;10;99
mai-06;Sciences et techniques;28;15;14;6;2;5;70
mai-06;Société;157;127;70;52;37;44;487
mai-06;Sport;61;50;28;19;4;23;185
juin-06;Catastrophes;10;11;7;3;6;4;41
juin-06;Culture-loisirs;41;41;31;14;0;19;146
juin-06;Economie;33;39;37;11;17;13;150
juin-06;Education;27;20;8;1;1;10;67
juin-06;Environnement;32;23;9;4;6;11;85
juin-06;Faits divers;26;21;20;5;3;13;88
juin-06;Histoire-hommages;7;13;7;1;4;2;34
juin-06;International;41;45;39;38;121;11;295
juin-06;Justice;40;52;38;19;23;23;195
juin-06;Politique France;29;46;31;11;11;16;144
juin-06;Santé;18;15;14;4;5;9;65
juin-06;Sciences et techniques;13;16;12;1;3;2;47
juin-06;Société;109;120;76;29;40;34;408
juin-06;Sport;218;163;79;26;29;75;590
juil.-06;Catastrophes;22;11;12;4;5;10;64
juil.-06;Culture-loisirs;41;59;37;9;2;18;166
juil.-06;Economie;31;31;17;3;8;9;99
juil.-06;Education;9;10;2;2;2;3;28
juil.-06;Environnement;46;42;23;2;5;14;132
juil.-06;Faits divers;9;17;18;0;0;7;51
juil.-06;Histoire-hommages;5;8;6;3;3;1;26
juil.-06;International;129;142;103;49;172;49;644
juil.-06;Justice;12;19;24;7;8;8;78
juil.-06;Politique France;23;18;19;10;6;9;85
juil.-06;Santé;29;32;23;9;3;13;109
juil.-06;Sciences et techniques;10;15;9;2;8;5;49
juil.-06;Société;82;104;84;29;36;42;377
juil.-06;Sport;174;161;96;20;27;83;561
août-06;Catastrophes;37;42;29;5;14;29;156
août-06;Culture-loisirs;37;60;32;8;3;16;156
août-06;Economie;56;45;28;6;8;9;152
août-06;Education;20;21;8;3;1;8;61
août-06;Environnement;57;33;35;9;17;10;161
août-06;Faits divers;22;23;16;4;1;11;77
août-06;Histoire-hommages;4;4;2;2;7;2;21
août-06;International;134;134;111;59;172;44;654
août-06;Justice;13;10;18;2;10;6;59
août-06;Politique France;37;49;38;21;14;25;184
août-06;Santé;25;22;13;7;10;10;87
août-06;Sciences et techniques;27;30;14;3;2;13;89
août-06;Société;107;84;78;24;42;43;378
août-06;Sport;65;58;42;21;1;37;224
sept.-06;Catastrophes;29;18;15;3;11;7;83
sept.-06;Culture-loisirs;37;55;38;15;1;13;159
sept.-06;Economie;49;48;25;10;15;13;160
sept.-06;Education;35;25;14;7;4;12;97
sept.-06;Environnement;32;29;17;8;10;6;102
sept.-06;Faits divers;19;29;23;13;5;14;103
sept.-06;Histoire-hommages;10;13;10;0;2;6;41
sept.-06;International;93;78;55;36;169;18;449
sept.-06;Justice;39;34;32;19;14;20;158
sept.-06;Politique France;63;51;49;20;14;19;216
sept.-06;Santé;35;35;24;9;3;13;119
sept.-06;Sciences et techniques;28;13;18;4;7;9;79
sept.-06;Société;134;113;80;36;41;53;457
sept.-06;Sport;47;42;15;11;0;28;143
oct.-06;Catastrophes;32;34;19;7;6;16;114
oct.-06;Culture-loisirs;58;77;36;13;7;18;209
oct.-06;Economie;57;44;27;8;21;15;172
oct.-06;Education;28;18;8;0;0;2;56
oct.-06;Environnement;55;32;14;6;9;7;123
oct.-06;Faits divers;16;23;12;11;5;20;87
oct.-06;Histoire-hommages;6;9;7;0;8;0;30
oct.-06;International;59;58;54;35;153;13;372
oct.-06;Justice;54;57;44;43;16;24;238
oct.-06;Politique France;55;54;50;20;20;21;220
oct.-06;Santé;50;45;26;1;5;10;137
oct.-06;Sciences et techniques;44;31;11;11;17;13;127
oct.-06;Société;190;153;131;54;80;73;681
oct.-06;Sport;55;48;28;22;1;35;189
nov.-06;Catastrophes;15;14;6;1;3;3;42
nov.-06;Culture-loisirs;36;54;28;19;2;17;156
nov.-06;Economie;53;47;22;4;14;14;154
nov.-06;Education;22;13;4;0;1;4;44
nov.-06;Environnement;30;34;11;1;8;8;92
nov.-06;Faits divers;15;20;9;5;1;10;60
nov.-06;Histoire-hommages;13;13;6;2;6;4;44
nov.-06;International;61;84;54;32;145;19;395
nov.-06;Justice;48;54;45;29;20;24;220
nov.-06;Politique France;53;53;35;27;13;20;201
nov.-06;Santé;23;22;17;5;4;5;76
nov.-06;Sciences et techniques;29;12;3;4;7;4;59
nov.-06;Société;142;134;95;30;54;53;508
nov.-06;Sport;59;60;33;20;2;32;206
déc.-06;Catastrophes;22;26;10;3;13;8;82
déc.-06;Culture-loisirs;53;70;34;16;5;16;194
déc.-06;Economie;58;45;21;12;14;19;169
déc.-06;Education;16;16;9;1;3;6;51
déc.-06;Environnement;31;27;14;3;6;4;85
déc.-06;Faits divers;33;37;28;12;9;20;139
déc.-06;Histoire-hommages;11;16;8;5;11;8;59
déc.-06;International;59;61;45;27;124;21;337
déc.-06;Justice;32;44;41;14;27;27;185
déc.-06;Politique France;36;38;44;17;13;11;159
déc.-06;Santé;23;21;13;4;6;6;73
déc.-06;Sciences et techniques;19;19;10;5;6;13;72
déc.-06;Société;186;166;116;36;37;46;587
déc.-06;Sport;31;47;15;10;1;16;120
janv.-07;Catastrophes;55;31;18;11;6;12;133
janv.-07;Culture-loisirs;68;80;45;21;2;27;243
janv.-07;Economie;49;49;39;11;12;15;175
janv.-07;Education;20;7;2;0;2;2;33
janv.-07;Environnement;80;69;39;10;14;21;233
janv.-07;Faits divers;33;32;34;18;3;26;146
janv.-07;Histoire-hommages;33;33;21;5;15;11;118
janv.-07;International;86;79;65;52;157;25;464
janv.-07;Justice;45;40;27;16;22;13;163
janv.-07;Politique France;67;73;70;34;15;42;301
janv.-07;Santé;51;39;21;8;7;8;134
janv.-07;Sciences et techniques;22;19;4;4;3;1;53
janv.-07;Société;200;156;94;43;60;52;605
janv.-07;Sport;59;67;37;17;1;29;210
févr.-07;Catastrophes;29;30;16;5;8;12;100
févr.-07;Culture-loisirs;59;68;41;20;6;26;220
févr.-07;Economie;71;47;43;17;28;18;224
févr.-07;Education;20;11;3;0;0;5;39
févr.-07;Environnement;61;29;22;8;10;12;142
févr.-07;Faits divers;30;15;20;12;3;14;94
févr.-07;Histoire-hommages;15;6;6;5;3;5;40
févr.-07;International;72;70;38;39;130;26;375
févr.-07;Justice;41;31;28;19;26;14;159
févr.-07;Politique France;79;79;70;34;16;40;318
févr.-07;Santé;39;39;14;6;16;13;127
févr.-07;Sciences et techniques;15;17;8;1;1;5;47
févr.-07;Société;128;102;69;24;43;32;398
févr.-07;Sport;50;60;34;8;6;20;178
mars-07;Catastrophes;23;18;8;5;6;9;69
mars-07;Culture-loisirs;53;56;27;7;2;12;157
mars-07;Economie;72;34;28;11;16;13;174
mars-07;Education;25;17;6;3;4;3;58
mars-07;Environnement;44;30;10;5;12;8;109
mars-07;Faits divers;25;19;17;6;3;19;89
mars-07;Histoire-hommages;7;4;4;2;1;2;20
mars-07;International;68;66;47;49;123;17;370
mars-07;Justice;44;24;30;24;19;15;156
mars-07;Politique France;96;119;75;49;29;51;419
mars-07;Santé;31;25;14;6;3;6;85
mars-07;Sciences et techniques;33;12;2;5;3;10;65
mars-07;Société;155;115;80;44;46;47;487
mars-07;Sport;53;63;29;20;0;26;191
avr.-07;Catastrophes;19;20;5;6;6;9;65
avr.-07;Culture-loisirs;30;30;25;6;0;14;105
avr.-07;Economie;37;19;10;5;11;5;87
avr.-07;Education;7;6;1;1;2;0;17
avr.-07;Environnement;37;24;8;6;9;8;92
avr.-07;Faits divers;42;50;40;21;6;27;186
avr.-07;Histoire-hommages;15;10;10;6;9;7;57
avr.-07;International;62;53;38;52;149;16;370
avr.-07;Justice;34;22;22;18;15;14;125
avr.-07;Politique France;133;148;118;49;39;74;561
avr.-07;Santé;26;23;11;7;0;9;76
avr.-07;Sciences et techniques;19;22;13;11;2;6;73
avr.-07;Société;127;107;51;33;32;36;386
avr.-07;Sport;46;40;20;13;0;28;147
mai-07;Catastrophes;25;21;16;4;1;12;79
mai-07;Culture-loisirs;61;73;52;9;4;27;226
mai-07;Economie;45;37;16;16;19;14;147
mai-07;Education;22;18;6;1;0;3;50
mai-07;Environnement;60;52;14;9;10;11;156
mai-07;Faits divers;26;19;18;10;0;12;85
mai-07;Histoire-hommages;16;8;14;4;10;6;58
mai-07;International;108;90;82;55;182;38;555
mai-07;Justice;27;29;21;19;21;19;136
mai-07;Politique France;148;168;126;49;38;83;612
mai-07;Santé;32;14;10;4;1;5;66
mai-07;Sciences et techniques;33;12;2;6;7;6;66
mai-07;Société;167;114;89;41;49;58;518
mai-07;Sport;58;53;29;24;3;27;194
juin-07;Catastrophes;32;19;8;2;2;4;67
juin-07;Culture-loisirs;38;43;25;20;7;11;144
juin-07;Economie;46;38;24;11;8;5;132
juin-07;Education;27;27;16;8;2;10;90
juin-07;Environnement;38;39;25;12;9;10;133
juin-07;Faits divers;23;14;15;13;0;12;77
juin-07;Histoire-hommages;6;10;4;3;3;2;28
juin-07;International;95;76;68;48;123;30;440
juin-07;Justice;42;47;30;29;17;22;187
juin-07;Politique France;96;97;64;34;18;43;352
juin-07;Santé;27;15;8;8;5;5;68
juin-07;Sciences et techniques;19;11;4;7;4;6;51
juin-07;Société;137;93;60;55;33;51;429
juin-07;Sport;69;59;34;27;2;28;219
juil.-07;Catastrophes;65;59;36;16;20;26;222
juil.-07;Culture-loisirs;53;84;55;15;1;24;232
juil.-07;Economie;65;49;47;14;29;16;220
juil.-07;Education;16;9;7;2;3;5;42
juil.-07;Environnement;62;55;24;7;17;27;192
juil.-07;Faits divers;28;18;19;10;4;9;88
juil.-07;Histoire-hommages;13;8;6;4;4;4;39
juil.-07;International;101;75;84;49;168;26;503
juil.-07;Justice;58;62;48;37;22;30;257
juil.-07;Politique France;48;37;32;7;10;16;150
juil.-07;Santé;22;18;15;8;5;14;82
juil.-07;Sciences et techniques;23;24;4;10;8;9;78
juil.-07;Société;169;146;90;42;43;69;559
juil.-07;Sport;105;112;76;33;10;43;379
août-07;Catastrophes;69;65;42;17;32;39;264
août-07;Culture-loisirs;52;45;22;6;7;12;144
août-07;Economie;57;55;42;15;23;12;204
août-07;Education;24;21;9;2;1;7;64
août-07;Environnement;53;36;15;5;8;8;125
août-07;Faits divers;22;30;22;11;6;16;107
août-07;Histoire-hommages;15;11;10;4;7;11;58
août-07;International;52;31;38;37;117;13;288
août-07;Justice;32;26;19;15;10;8;110
août-07;Politique France;33;25;27;8;8;13;114
août-07;Santé;15;7;3;5;8;5;43
août-07;Sciences et techniques;27;19;18;5;5;9;83
août-07;Société;129;127;88;34;53;54;485
août-07;Sport;89;74;43;27;5;36;274
sept.-07;Catastrophes;23;20;13;5;13;7;81
sept.-07;Culture-loisirs;46;54;31;18;5;26;180
sept.-07;Economie;52;45;29;23;20;11;180
sept.-07;Education;21;27;11;7;4;6;76
sept.-07;Environnement;34;28;5;5;16;4;92
sept.-07;Faits divers;26;28;12;12;4;25;107
sept.-07;Histoire-hommages;12;11;10;6;3;6;48
sept.-07;International;78;78;37;52;135;23;403
sept.-07;Justice;39;30;25;35;13;22;164
sept.-07;Politique France;55;42;40;23;14;23;197
sept.-07;Santé;25;21;19;7;2;8;82
sept.-07;Sciences et techniques;17;11;2;4;1;4;39
sept.-07;Société;123;133;70;52;41;38;457
sept.-07;Sport;131;78;47;14;9;39;318
oct.-07;Catastrophes;37;26;21;11;11;13;119
oct.-07;Culture-loisirs;60;61;42;33;6;32;234
oct.-07;Economie;54;46;20;21;13;11;165
oct.-07;Education;21;18;8;3;2;7;59
oct.-07;Environnement;40;53;20;11;9;9;142
oct.-07;Faits divers;37;25;11;12;4;16;105
oct.-07;Histoire-hommages;8;5;7;4;8;2;34
oct.-07;International;114;114;64;71;178;28;569
oct.-07;Justice;68;51;56;52;17;29;273
oct.-07;Politique France;50;44;39;19;12;16;180
oct.-07;Santé;30;36;9;9;1;9;94
oct.-07;Sciences et techniques;22;10;10;1;2;8;53
oct.-07;Société;176;179;88;69;54;61;627
oct.-07;Sport;146;118;69;30;7;53;423
nov.-07;Catastrophes;29;28;12;10;12;10;101
nov.-07;Culture-loisirs;43;41;27;16;3;16;146
nov.-07;Economie;44;51;26;29;17;15;182
nov.-07;Education;41;40;18;14;8;13;134
nov.-07;Environnement;26;24;8;5;9;7;79
nov.-07;Faits divers;21;17;20;14;1;14;87
nov.-07;Histoire-hommages;16;14;10;5;5;3;53
nov.-07;International;103;91;55;56;142;38;485
nov.-07;Justice;52;45;43;30;12;28;210
nov.-07;Politique France;33;21;15;11;5;3;88
nov.-07;Santé;21;6;8;5;2;8;50
nov.-07;Sciences et techniques;13;5;6;2;4;4;34
nov.-07;Société;203;192;109;81;50;70;705
nov.-07;Sport;51;36;20;13;2;18;140
déc.-07;Catastrophes;23;17;14;5;3;2;64
déc.-07;Culture-loisirs;68;57;35;17;8;25;210
déc.-07;Economie;61;49;38;20;13;18;199
déc.-07;Education;17;9;5;1;0;1;33
déc.-07;Environnement;56;36;18;10;16;9;145
déc.-07;Faits divers;38;33;16;15;4;23;129
déc.-07;Histoire-hommages;10;7;4;5;2;2;30
déc.-07;International;109;117;69;72;149;48;564
déc.-07;Justice;65;51;45;36;16;37;250
déc.-07;Politique France;46;35;30;13;10;16;150
déc.-07;Santé;24;20;19;8;5;11;87
déc.-07;Sciences et techniques;18;12;3;7;5;6;51
déc.-07;Société;159;149;81;63;52;46;550
déc.-07;Sport;50;40;19;7;0;17;133
janv.-08;Catastrophes;24;14;10;3;2;4;57
janv.-08;Culture-loisirs;76;80;53;34;9;33;285
janv.-08;Economie;83;89;44;26;29;24;295
janv.-08;Education;11;11;5;4;2;2;35
janv.-08;Environnement;38;32;16;4;5;7;102
janv.-08;Faits divers;45;36;30;17;0;27;155
janv.-08;Histoire-hommages;21;15;11;7;9;7;70
janv.-08;International;151;144;98;80;212;41;726
janv.-08;Justice;58;55;36;32;21;29;231
janv.-08;Politique France;72;65;50;21;10;30;248
janv.-08;Santé;44;47;30;14;6;16;157
janv.-08;Sciences et techniques;19;15;5;3;1;4;47
janv.-08;Société;166;126;73;65;43;67;540
janv.-08;Sport;91;81;40;22;3;28;265
févr.-08;Catastrophes;15;10;5;3;4;8;45
févr.-08;Culture-loisirs;68;72;47;26;9;25;247
févr.-08;Economie;73;69;30;27;18;17;234
févr.-08;Education;20;13;11;5;2;7;58
févr.-08;Environnement;28;13;9;13;3;3;69
févr.-08;Faits divers;19;9;11;11;3;16;69
févr.-08;Histoire-hommages;15;9;2;5;2;4;37
févr.-08;International;103;102;70;73;166;36;550
févr.-08;Justice;43;46;32;34;18;20;193
févr.-08;Politique France;55;53;53;22;15;26;224
févr.-08;Santé;21;21;11;10;3;11;77
févr.-08;Sciences et techniques;36;11;5;5;3;9;69
févr.-08;Société;136;96;72;53;35;49;441
févr.-08;Sport;56;57;31;17;0;27;188
mars-08;Catastrophes;16;24;10;4;1;6;61
mars-08;Culture-loisirs;51;44;29;14;2;19;159
mars-08;Economie;68;51;29;27;14;15;204
mars-08;Education;17;12;2;3;4;5;43
mars-08;Environnement;38;21;26;12;7;14;118
mars-08;Faits divers;22;18;13;16;2;9;80
mars-08;Histoire-hommages;14;21;10;7;8;5;65
mars-08;International;95;99;52;61;152;27;486
mars-08;Justice;39;43;35;39;15;29;200
mars-08;Politique France;58;67;68;42;13;37;285
mars-08;Santé;24;19;16;13;7;20;99
mars-08;Sciences et techniques;33;13;8;4;6;3;67
mars-08;Société;134;98;45;61;42;43;423
mars-08;Sport;69;72;35;20;6;33;235
avr.-08;Catastrophes;19;18;12;5;2;10;66
avr.-08;Culture-loisirs;57;55;42;19;2;31;206
avr.-08;Economie;98;83;42;38;46;29;336
avr.-08;Education;27;28;20;19;7;16;117
avr.-08;Environnement;26;34;13;1;4;10;88
avr.-08;Faits divers;47;41;38;29;12;36;203
avr.-08;Histoire-hommages;31;28;26;12;7;8;112
avr.-08;International;87;98;65;80;178;23;531
avr.-08;Justice;37;41;34;28;11;23;174
avr.-08;Politique France;41;37;34;25;22;10;169
avr.-08;Santé;32;31;12;11;6;19;111
avr.-08;Sciences et techniques;31;19;4;6;2;10;72
avr.-08;Société;147;148;79;57;50;51;532
avr.-08;Sport;115;115;54;51;26;55;416
mai-08;Catastrophes;85;84;53;36;44;29;331
mai-08;Culture-loisirs;53;59;41;18;2;27;200
mai-08;Economie;79;75;46;30;34;15;279
mai-08;Education;19;18;8;4;5;7;61
mai-08;Environnement;22;23;8;3;5;2;63
mai-08;Faits divers;24;19;18;13;0;24;98
mai-08;Histoire-hommages;23;21;11;8;11;12;86
mai-08;International;58;56;31;48;130;17;340
mai-08;Justice;29;24;26;25;11;15;130
mai-08;Politique France;35;39;25;16;9;9;133
mai-08;Santé;15;16;9;4;2;5;51
mai-08;Sciences et techniques;18;5;7;3;1;1;35
mai-08;Société;147;119;75;51;32;40;464
mai-08;Sport;69;56;28;22;6;34;215
juin-08;Catastrophes;56;45;20;19;17;19;176
juin-08;Culture-loisirs;40;69;32;16;8;21;186
juin-08;Economie;79;62;50;25;23;18;257
juin-08;Education;19;23;16;7;5;12;82
juin-08;Environnement;34;20;5;4;13;1;77
juin-08;Faits divers;20;39;19;17;5;21;121
juin-08;Histoire-hommages;13;7;4;6;3;1;34
juin-08;International;64;96;61;69;150;17;457
juin-08;Justice;32;23;25;17;9;19;125
juin-08;Politique France;25;29;23;11;6;5;99
juin-08;Santé;24;15;18;7;1;6;71
juin-08;Sciences et techniques;8;10;9;5;4;5;41
juin-08;Société;131;97;68;53;43;45;437
juin-08;Sport;99;91;45;26;7;57;325
juil.-08;Catastrophes;28;31;13;15;2;15;104
juil.-08;Culture-loisirs;81;75;43;16;6;25;246
juil.-08;Economie;65;63;34;17;31;23;233
juil.-08;Education;16;11;2;5;2;6;42
juil.-08;Environnement;43;30;20;9;5;11;118
juil.-08;Faits divers;51;59;35;33;3;44;225
juil.-08;Histoire-hommages;11;6;3;5;2;2;29
juil.-08;International;99;111;74;84;203;37;608
juil.-08;Justice;32;28;30;24;19;16;149
juil.-08;Politique France;70;80;54;29;20;27;280
juil.-08;Santé;24;22;8;11;0;7;72
juil.-08;Sciences et techniques;32;23;17;12;11;18;113
juil.-08;Société;134;99;77;52;53;63;478
juil.-08;Sport;104;113;70;54;12;44;397
août-08;Catastrophes;48;50;24;15;11;22;170
août-08;Culture-loisirs;38;51;20;11;1;20;141
août-08;Economie;43;40;28;18;14;12;155
août-08;Education;19;7;4;4;;2;36
août-08;Environnement;20;17;14;6;6;5;68
août-08;Faits divers;27;18;12;11;2;18;88
août-08;Histoire-hommages;8;13;11;6;7;4;49
août-08;International;115;119;92;74;151;45;596
août-08;Justice;18;24;20;13;17;12;104
août-08;Politique France;14;16;11;4;3;10;58
août-08;Santé;19;17;9;7;2;8;62
août-08;Sciences et techniques;9;12;5;11;3;6;46
août-08;Société;92;76;63;37;39;41;348
août-08;Sport;128;149;88;56;17;63;501
sept.-08;Catastrophes;49;49;33;20;21;27;199
sept.-08;Culture-loisirs;55;72;50;20;5;28;230
sept.-08;Economie;122;127;76;62;65;45;497
sept.-08;Education;40;26;10;12;3;19;110
sept.-08;Environnement;32;29;17;7;3;9;97
sept.-08;Faits divers;51;57;38;20;6;31;203
sept.-08;Histoire-hommages;9;14;2;4;6;4;39
sept.-08;International;75;107;64;79;158;35;518
sept.-08;Justice;26;25;16;22;6;14;109
sept.-08;Politique France;43;60;47;25;12;16;203
sept.-08;Santé;42;35;14;11;5;20;127
sept.-08;Sciences et techniques;18;13;7;6;10;6;60
sept.-08;Société;125;112;75;69;38;50;469
sept.-08;Sport;63;59;23;16;1;32;194
oct.-08;Catastrophes;7;5;4;6;5;3;30
oct.-08;Culture-loisirs;51;65;33;18;4;25;196
oct.-08;Economie;128;154;97;85;76;66;606
oct.-08;Education;14;6;6;5;4;6;41
oct.-08;Environnement;27;19;4;1;8;5;64
oct.-08;Faits divers;22;15;11;15;1;12;76
oct.-08;Histoire-hommages;25;20;14;10;7;10;86
oct.-08;International;55;72;34;69;109;12;351
oct.-08;Justice;49;49;37;36;20;34;225
oct.-08;Politique France;19;27;18;5;4;6;79
oct.-08;Santé;29;31;15;9;2;13;99
oct.-08;Sciences et techniques;11;4;4;1;3;6;29
oct.-08;Société;115;97;63;53;30;59;417
oct.-08;Sport;47;45;22;13;1;23;151
nov.-08;Catastrophes;27;28;13;6;5;10;89
nov.-08;Culture-loisirs;55;50;38;24;2;27;196
nov.-08;Economie;79;66;46;45;51;28;315
nov.-08;Education;12;8;6;2;4;4;36
nov.-08;Environnement;20;21;9;5;3;9;67
nov.-08;Faits divers;42;35;26;34;8;25;170
nov.-08;Histoire-hommages;8;11;6;3;6;5;39
nov.-08;International;102;139;61;69;130;35;536
nov.-08;Justice;26;28;24;29;18;19;144
nov.-08;Politique France;41;57;43;38;14;23;216
nov.-08;Santé;21;15;7;7;2;8;60
nov.-08;Sciences et techniques;11;11;9;6;6;10;53
nov.-08;Société;133;111;63;74;38;64;483
nov.-08;Sport;56;45;20;19;0;27;167
déc.-08;Catastrophes;43;40;14;9;2;13;121
déc.-08;Culture-loisirs;83;75;53;27;7;39;284
déc.-08;Economie;91;104;59;47;47;26;374
déc.-08;Education;19;14;19;7;1;9;69
déc.-08;Environnement;62;55;27;14;10;10;178
déc.-08;Faits divers;48;46;39;36;10;43;222
déc.-08;Histoire-hommages;5;3;3;4;5;4;24
déc.-08;International;88;104;74;88;165;29;548
déc.-08;Justice;38;52;29;52;22;26;219
déc.-08;Politique France;20;34;23;19;7;14;117
déc.-08;Santé;42;43;16;15;10;21;147
déc.-08;Sciences et techniques;8;8;8;3;4;2;33
déc.-08;Société;172;137;100;80;55;75;619
déc.-08;Sport;51;54;37;20;0;36;198
janv.-09;Catastrophes;70;66;41;18;5;33;233
janv.-09;Culture-loisirs;47;48;37;18;2;25;177
janv.-09;Economie;52;44;30;41;42;19;228
janv.-09;Education;19;12;12;8;5;13;69
janv.-09;Environnement;22;20;13;15;2;14;86
janv.-09;Faits divers;29;26;17;28;5;24;129
janv.-09;Histoire-hommages;10;7;4;4;5;1;31
janv.-09;International;93;135;92;93;150;56;619
janv.-09;Justice;21;19;16;22;8;11;97
janv.-09;Politique France;26;22;17;11;6;12;94
janv.-09;Santé;27;30;14;13;5;15;104
janv.-09;Sciences et techniques;11;2;8;0;2;3;26
janv.-09;Société;110;97;67;70;34;38;416
janv.-09;Sport;40;51;21;17;0;24;153
févr.-09;Catastrophes;49;33;21;16;7;15;141
févr.-09;Culture-loisirs;47;40;31;21;5;29;173
févr.-09;Economie;99;83;51;62;49;38;382
févr.-09;Education;16;19;9;12;5;5;66
févr.-09;Environnement;15;25;7;12;2;6;67
févr.-09;Faits divers;26;33;18;26;2;20;125
févr.-09;Histoire-hommages;7;4;4;3;10;1;29
févr.-09;International;46;52;40;54;127;23;342
févr.-09;Justice;44;45;44;54;13;36;236
févr.-09;Politique France;15;25;14;12;5;9;80
févr.-09;Santé;17;15;7;4;2;12;57
févr.-09;Sciences et techniques;15;6;7;4;1;8;41
févr.-09;Société;133;126;94;66;56;69;544
févr.-09;Sport;51;48;32;16;0;28;175
mars-09;Catastrophes;23;17;12;12;1;19;84
mars-09;Culture-loisirs;67;65;50;29;5;33;249
mars-09;Economie;101;116;93;76;53;40;479
mars-09;Education;27;15;15;7;8;10;82
mars-09;Environnement;40;19;12;6;10;9;96
mars-09;Faits divers;37;33;27;23;11;27;158
mars-09;Histoire-hommages;9;14;7;4;6;5;45
mars-09;International;66;89;51;81;153;25;465
mars-09;Justice;41;57;45;56;36;30;265
mars-09;Politique France;25;33;23;10;6;13;110
mars-09;Santé;34;38;14;8;4;16;114
mars-09;Sciences et techniques;22;14;10;11;8;10;75
mars-09;Société;174;146;113;86;47;93;659
mars-09;Sport;64;56;21;9;1;28;179
avr.-09;Catastrophes;35;32;23;17;10;20;137
avr.-09;Culture-loisirs;48;53;36;21;6;26;190
avr.-09;Economie;52;49;44;23;38;33;239
avr.-09;Education;11;11;8;4;2;6;42
avr.-09;Environnement;11;7;3;0;6;4;31
avr.-09;Faits divers;21;28;24;15;5;21;114
avr.-09;Histoire-hommages;8;9;7;8;5;4;41
avr.-09;International;72;93;69;66;142;41;483
avr.-09;Justice;27;27;26;30;6;19;135
avr.-09;Politique France;19;22;18;12;4;12;87
avr.-09;Santé;65;66;31;21;13;18;214
avr.-09;Sciences et techniques;15;7;6;6;3;2;39
avr.-09;Société;116;108;81;54;29;71;459
avr.-09;Sport;37;37;25;15;1;20;135
mai-09;Catastrophes;14;16;14;7;5;8;64
mai-09;Culture-loisirs;61;68;47;24;3;34;237
mai-09;Economie;53;53;30;25;36;20;217
mai-09;Education;31;28;16;20;1;15;111
mai-09;Environnement;32;21;7;6;1;6;73
mai-09;Faits divers;40;37;33;22;3;28;163
mai-09;Histoire-hommages;13;12;7;7;11;6;56
mai-09;International;71;72;74;56;142;17;432
mai-09;Justice;26;41;29;17;11;20;144
mai-09;Politique France;10;22;11;4;3;3;53
mai-09;Santé;43;51;34;11;12;21;172
mai-09;Sciences et techniques;18;15;8;7;1;10;59
mai-09;Société;128;121;75;63;50;63;500
mai-09;Sport;43;52;26;15;1;31;168
juin-09;Catastrophes;128;131;71;58;22;42;452
juin-09;Culture-loisirs;56;48;35;16;3;25;183
juin-09;Economie;54;45;29;19;48;20;215
juin-09;Education;19;14;10;5;4;12;64
juin-09;Environnement;11;14;8;2;7;7;49
juin-09;Faits divers;20;15;15;17;6;16;89
juin-09;Histoire-hommages;65;64;28;22;12;22;213
juin-09;International;79;120;96;74;197;25;591
juin-09;Justice;36;33;33;27;15;31;175
juin-09;Politique France;45;53;39;18;8;10;173
juin-09;Santé;58;38;23;8;5;15;147
juin-09;Sciences et techniques;9;5;2;2;2;5;25
juin-09;Société;103;73;63;41;31;56;367
juin-09;Sport;72;62;34;14;0;46;228
juil.-09;Catastrophes;56;57;42;26;6;23;210
juil.-09;Culture-loisirs;63;56;32;20;8;23;202
juil.-09;Economie;47;47;30;17;26;22;189
juil.-09;Education;7;8;8;2;0;6;31
juil.-09;Environnement;33;21;13;14;9;9;99
juil.-09;Faits divers;35;36;18;18;1;24;132
juil.-09;Histoire-hommages;52;35;8;14;9;11;129
juil.-09;International;29;47;41;49;146;10;322
juil.-09;Justice;15;20;24;25;12;10;106
juil.-09;Politique France;36;38;34;22;10;19;159
juil.-09;Santé;33;38;23;12;6;18;130
juil.-09;Sciences et techniques;27;25;16;9;10;11;98
juil.-09;Société;91;82;60;58;38;39;368
juil.-09;Sport;66;67;37;34;0;40;244
août-09;Catastrophes;33;48;28;19;10;21;159
août-09;Culture-loisirs;62;33;29;12;1;27;164
août-09;Economie;80;67;47;33;26;19;272
août-09;Education;14;7;8;3;2;5;39
août-09;Environnement;43;30;16;9;6;10;114
août-09;Faits divers;40;40;39;34;9;40;202
août-09;Histoire-hommages;19;19;8;10;13;6;75
août-09;International;51;75;56;56;131;25;394
août-09;Justice;18;16;10;21;16;7;88
août-09;Politique France;26;27;24;14;6;12;109
août-09;Santé;36;33;34;22;11;23;159
août-09;Sciences et techniques;7;8;5;2;3;2;27
août-09;Société;87;92;44;40;26;49;338
août-09;Sport;58;49;24;17;0;25;173
sept.-09;Catastrophes;57;41;28;13;8;18;165
sept.-09;Culture-loisirs;74;70;42;17;2;41;246
sept.-09;Economie;80;69;54;47;37;34;321
sept.-09;Education;28;22;6;10;3;17;86
sept.-09;Environnement;35;27;23;14;9;15;123
sept.-09;Faits divers;30;39;28;26;3;22;148
sept.-09;Histoire-hommages;11;21;6;9;12;14;73
sept.-09;International;57;88;55;60;186;43;489
sept.-09;Justice;50;45;44;38;17;44;238
sept.-09;Politique France;54;51;44;32;16;32;229
sept.-09;Santé;59;58;48;25;7;35;232
sept.-09;Sciences et techniques;22;10;6;1;6;5;50
sept.-09;Société;88;108;62;66;29;72;425
sept.-09;Sport;70;55;20;25;4;58;232
oct.-09;Catastrophes;34;30;19;11;5;14;113
oct.-09;Culture-loisirs;53;51;38;11;3;19;175
oct.-09;Economie;55;50;25;30;24;24;208
oct.-09;Education;10;15;8;5;3;10;51
oct.-09;Environnement;26;18;14;10;11;4;83
oct.-09;Faits divers;19;18;12;18;0;18;85
oct.-09;Histoire-hommages;4;6;3;3;7;3;26
oct.-09;International;44;63;50;46;145;42;390
oct.-09;Justice;67;54;50;62;20;65;318
oct.-09;Politique France;36;54;28;21;14;41;194
oct.-09;Santé;45;24;20;17;11;18;135
oct.-09;Sciences et techniques;16;12;12;5;11;10;66
oct.-09;Société;103;79;75;61;30;86;434
oct.-09;Sport;61;42;25;15;0;50;193
nov.-09;Catastrophes;34;21;14;4;5;13;91
nov.-09;Culture-loisirs;51;45;32;11;4;16;159
nov.-09;Economie;45;35;23;13;17;32;165
nov.-09;Education;6;4;7;3;1;0;21
nov.-09;Environnement;27;22;9;8;9;9;84
nov.-09;Faits divers;43;43;22;20;2;46;176
nov.-09;Histoire-hommages;26;32;39;10;31;17;155
nov.-09;International;29;45;37;48;111;36;306
nov.-09;Justice;38;36;38;26;24;42;204
nov.-09;Politique France;27;34;32;19;10;18;140
nov.-09;Santé;58;63;37;24;8;33;223
nov.-09;Sciences et techniques;13;11;3;1;6;2;36
nov.-09;Société;105;88;50;50;40;81;414
nov.-09;Sport;75;56;25;30;5;76;267
déc.-09;Catastrophes;63;45;30;13;3;29;183
déc.-09;Culture-loisirs;61;65;43;9;4;26;208
déc.-09;Economie;62;46;28;17;36;26;215
déc.-09;Education;6;4;5;2;4;2;23
déc.-09;Environnement;63;53;58;27;32;29;262
déc.-09;Faits divers;50;53;41;23;5;55;227
déc.-09;Histoire-hommages;5;10;7;5;11;3;41
déc.-09;International;52;72;51;60;150;40;425
déc.-09;Justice;53;26;25;17;20;39;180
déc.-09;Politique France;23;27;11;4;5;22;92
déc.-09;Santé;54;57;35;21;9;45;221
déc.-09;Sciences et techniques;6;10;3;3;3;3;28
déc.-09;Société;159;166;101;76;49;122;673
déc.-09;Sport;43;43;16;16;0;56;174
janv.-10;Catastrophes;162;129;93;54;40;94;572
janv.-10;Culture-loisirs;50;38;31;8;60;23;210
janv.-10;Economie;37;28;21;19;26;33;164
janv.-10;Education;18;12;14;7;0;9;60
janv.-10;Environnement;36;24;16;6;5;16;103
janv.-10;Faits divers;22;18;19;7;0;28;94
janv.-10;Histoire-hommages;10;21;18;10;6;9;74
janv.-10;International;42;54;36;50;96;36;314
janv.-10;Justice;28;20;8;13;15;15;99
janv.-10;Politique France;37;29;31;17;6;19;139
janv.-10;Santé;20;16;20;6;8;16;86
janv.-10;Sciences et techniques;9;4;2;4;3;4;26
janv.-10;Société;104;96;64;62;45;73;444
janv.-10;Sport;48;37;12;2;1;37;137
févr.-10;Catastrophes;65;52;37;26;11;35;226
févr.-10;Culture-loisirs;56;42;25;18;96;21;258
févr.-10;Economie;47;39;21;27;32;26;192
févr.-10;Education;25;15;17;15;4;15;91
févr.-10;Environnement;34;20;13;4;3;13;87
févr.-10;Faits divers;28;16;21;12;8;27;112
févr.-10;Histoire-hommages;13;4;8;8;7;6;46
févr.-10;International;34;47;36;44;81;31;273
févr.-10;Justice;29;24;31;10;10;27;131
févr.-10;Politique France;38;43;31;14;6;20;152
févr.-10;Santé;14;11;9;7;3;11;55
févr.-10;Sciences et techniques;11;12;3;5;4;7;42
févr.-10;Société;111;134;73;70;49;83;520
févr.-10;Sport;60;69;26;12;4;61;232
mars-10;Catastrophes;134;98;78;42;11;69;432
mars-10;Culture-loisirs;50;47;29;13;90;27;256
mars-10;Economie;48;50;31;25;56;24;234
mars-10;Education;14;12;8;5;3;12;54
mars-10;Environnement;33;25;22;10;9;18;117
mars-10;Faits divers;30;29;20;24;8;37;148
mars-10;Histoire-hommages;15;15;7;4;6;5;52
mars-10;International;37;49;43;43;123;30;325
mars-10;Justice;39;38;31;28;17;34;187
mars-10;Politique France;75;98;75;32;20;69;369
mars-10;Santé;22;23;13;8;3;21;90
mars-10;Sciences et techniques;10;6;5;6;5;6;38
mars-10;Société;126;88;77;65;51;86;493
mars-10;Sport;46;65;24;19;0;60;214
avr.-10;Catastrophes;87;68;46;21;20;50;292
avr.-10;Culture-loisirs;51;39;22;6;74;27;219
avr.-10;Economie;41;42;26;18;21;34;182
avr.-10;Education;16;10;6;3;4;12;51
avr.-10;Environnement;29;28;21;11;5;13;107
avr.-10;Faits divers;26;18;22;16;0;35;117
avr.-10;Histoire-hommages;12;18;13;8;13;13;77
avr.-10;International;33;50;38;40;112;20;293
avr.-10;Justice;31;21;23;26;11;30;142
avr.-10;Politique France;15;12;4;5;2;7;45
avr.-10;Santé;15;18;18;4;0;12;67
avr.-10;Sciences et techniques;9;4;3;0;4;7;27
avr.-10;Société;184;174;125;78;56;129;746
avr.-10;Sport;39;33;16;14;0;44;146
mai-10;Catastrophes;30;23;17;13;14;19;116
mai-10;Culture-loisirs;53;49;37;11;79;37;266
mai-10;Economie;49;79;34;29;37;52;280
mai-10;Education;11;12;9;3;0;10;45
mai-10;Environnement;74;47;39;23;23;40;246
mai-10;Faits divers;39;27;21;19;1;33;140
mai-10;Histoire-hommages;9;8;6;0;7;3;33
mai-10;International;52;87;51;54;92;39;375
mai-10;Justice;26;37;22;21;5;32;143
mai-10;Politique France;15;14;9;3;2;16;59
mai-10;Santé;21;17;13;5;6;11;73
mai-10;Sciences et techniques;11;2;3;3;3;3;25
mai-10;Société;123;95;76;53;38;60;445
mai-10;Sport;64;66;31;18;0;56;235
juin-10;Catastrophes;64;45;33;28;8;41;219
juin-10;Culture-loisirs;35;32;31;11;86;23;218
juin-10;Economie;36;38;36;16;20;29;175
juin-10;Education;19;16;10;6;5;11;67
juin-10;Environnement;40;20;12;9;21;20;122
juin-10;Faits divers;37;28;19;20;3;40;147
juin-10;Histoire-hommages;17;18;15;10;7;14;81
juin-10;International;58;68;65;53;150;36;430
juin-10;Justice;25;38;39;30;17;39;188
juin-10;Politique France;33;52;33;19;8;22;167
juin-10;Santé;17;11;9;8;4;10;59
juin-10;Sciences et techniques;6;6;5;6;2;6;31
juin-10;Société;100;86;79;42;28;70;405
juin-10;Sport;178;160;93;76;17;127;651
juil.-10;Catastrophes;38;28;20;18;9;31;144
juil.-10;Culture-loisirs;59;51;40;14;90;28;282
juil.-10;Economie;31;23;14;11;17;19;115
juil.-10;Education;5;5;3;3;2;8;26
juil.-10;Environnement;43;29;20;11;16;23;142
juil.-10;Faits divers;32;28;22;14;7;26;129
juil.-10;Histoire-hommages;10;20;10;4;3;10;57
juil.-10;International;29;64;55;35;87;27;297
juil.-10;Justice;25;40;20;36;10;44;175
juil.-10;Politique France;65;64;51;36;17;36;269
juil.-10;Santé;26;26;14;11;2;21;100
juil.-10;Sciences et techniques;12;4;3;4;2;7;32
juil.-10;Société;83;87;65;52;32;86;405
juil.-10;Sport;74;85;61;44;5;69;338
août-10;Catastrophes;75;88;69;61;55;58;406
août-10;Culture-loisirs;65;51;41;11;84;32;284
août-10;Economie;67;66;32;26;19;36;246
août-10;Education;24;20;17;5;1;19;86
août-10;Environnement;50;29;14;10;19;20;142
août-10;Faits divers;37;28;23;15;3;35;141
août-10;Histoire-hommages;13;6;3;4;8;4;38
août-10;International;37;71;57;35;99;37;336
août-10;Justice;22;27;25;15;4;28;121
août-10;Politique France;59;73;46;51;18;46;293
août-10;Santé;16;13;16;6;3;12;66
août-10;Sciences et techniques;12;9;8;4;2;8;43
août-10;Société;138;105;80;60;28;82;493
août-10;Sport;80;73;55;41;0;64;313
sept-10;Catastrophes;25;24;15;10;9;20;103
sept-10;Culture-loisirs;60;45;40;9;74;37;265
sept-10;Economie;45;32;29;20;13;19;158
sept-10;Education;19;11;8;3;1;9;51
sept-10;Environnement;19;14;5;7;2;4;51
sept-10;Faits divers;19;19;20;9;3;27;97
sept-10;Histoire-hommages;17;12;13;7;13;13;75
sept-10;International;70;98;81;58;115;43;465
sept-10;Justice;24;27;29;24;4;29;137
sept-10;Politique France;40;45;26;23;11;28;173
sept-10;Santé;24;24;17;5;1;17;88
sept-10;Sciences et techniques;12;9;4;4;7;3;39
sept-10;Société;123;114;106;80;51;90;564
sept-10;Sport;43;35;20;10;0;40;148
oct.-10;Catastrophes;31;27;14;15;12;28;127
oct.-10;Culture-loisirs;52;43;35;10;86;42;268
oct.-10;Economie;32;32;18;12;16;14;124
oct.-10;Education;9;5;2;2;0;1;19
oct.-10;Environnement;28;16;18;8;12;14;96
oct.-10;Faits divers;22;16;26;13;0;25;102
oct.-10;Histoire-hommages;10;9;6;3;7;3;38
oct.-10;International;28;61;44;36;94;16;279
oct.-10;Justice;24;24;34;24;8;27;141
oct.-10;Politique France;12;11;9;4;5;6;47
oct.-10;Santé;19;24;15;10;4;16;88
oct.-10;Sciences et techniques;12;9;6;1;4;13;45
oct.-10;Société;229;261;186;117;67;137;997
oct.-10;Sport;37;32;18;6;0;18;111
nov.-10;Catastrophes;61;67;50;20;6;41;245
nov.-10;Culture-loisirs;65;46;29;14;88;48;290
nov.-10;Economie;57;44;45;24;36;23;229
nov.-10;Education;16;17;13;5;3;10;64
nov.-10;Environnement;60;45;43;16;6;13;183
nov.-10;Faits divers;43;38;36;20;7;42;186
nov.-10;Histoire-hommages;15;7;6;6;8;8;50
nov.-10;International;72;101;93;56;117;49;488
nov.-10;Justice;35;32;35;25;13;31;171
nov.-10;Politique France;66;88;58;28;14;29;283
nov.-10;Santé;30;32;31;10;11;18;132
nov.-10;Sciences et techniques;19;15;8;7;15;11;75
nov.-10;Société;122;156;96;74;49;120;617
nov.-10;Sport;58;55;36;11;1;42;203
déc.-10;Catastrophes;134;109;98;37;8;59;445
déc.-10;Culture-loisirs;70;36;22;8;65;39;240
déc.-10;Economie;35;35;26;14;19;24;153
déc.-10;Education;6;10;4;4;4;6;34
déc.-10;Environnement;26;27;21;12;7;26;119
déc.-10;Faits divers;22;16;20;18;0;24;100
déc.-10;Histoire-hommages;5;8;2;6;6;4;31
déc.-10;International;56;102;94;48;110;46;456
déc.-10;Justice;24;37;30;25;18;26;160
déc.-10;Politique France;27;31;32;7;4;8;109
déc.-10;Santé;17;22;22;5;2;14;82
déc.-10;Sciences et techniques;6;5;3;3;0;5;22
déc.-10;Société;115;98;73;47;33;63;429
déc.-10;Sport;23;20;9;6;1;15;74
janv.-11;Catastrophes;41;32;28;21;8;25;155
janv.-11;Culture-loisirs;60;41;37;5;75;56;274
janv.-11;Economie;50;27;24;18;20;16;155
janv.-11;Education;13;12;8;4;1;11;49
janv.-11;Environnement;14;8;9;3;1;7;42
janv.-11;Faits divers;38;43;37;16;4;44;182
janv.-11;Histoire-hommages;13;8;6;1;5;3;36
janv.-11;International;145;201;133;82;153;99;813
janv.-11;Justice;24;28;23;20;3;18;116
janv.-11;Politique France;29;46;31;9;4;16;135
janv.-11;Santé;33;27;22;13;5;28;128
janv.-11;Sciences et techniques;6;6;9;2;1;3;27
janv.-11;Société;89;83;55;38;23;66;354
janv.-11;Sport;36;39;16;2;1;13;107
févr.-11;Catastrophes;25;18;19;13;2;10;87
févr.-11;Culture-loisirs;50;37;20;5;73;42;227
févr.-11;Economie;49;44;36;14;5;18;166
févr.-11;Education;9;8;12;5;0;7;41
févr.-11;Environnement;18;11;7;1;0;11;48
févr.-11;Faits divers;48;43;45;18;1;56;211
févr.-11;Histoire-hommages;8;9;3;2;9;2;33
févr.-11;International;160;225;142;110;187;86;910
févr.-11;Justice;40;43;38;35;8;37;201
févr.-11;Politique France;30;42;21;24;4;16;137
févr.-11;Santé;25;19;12;8;4;20;88
févr.-11;Sciences et techniques;11;5;8;5;3;9;41
févr.-11;Société;78;52;50;33;22;65;300
févr.-11;Sport;43;52;25;12;0;31;163
mars-11;Catastrophes;94;83;58;44;16;77;372
mars-11;Culture-loisirs;59;45;22;4;79;50;259
mars-11;Economie;62;37;29;21;7;39;195
mars-11;Education;9;11;5;3;1;9;38
mars-11;Environnement;120;121;69;28;48;80;466
mars-11;Faits divers;30;36;30;14;1;41;152
mars-11;Histoire-hommages;15;12;10;3;4;7;51
mars-11;International;179;218;142;105;193;97;934
mars-11;Justice;19;24;22;19;9;27;120
mars-11;Politique France;77;123;83;29;8;47;367
mars-11;Santé;31;11;21;9;0;18;90
mars-11;Sciences et techniques;7;13;7;2;7;9;45
mars-11;Société;70;51;49;44;14;52;280
mars-11;Sport;41;42;15;5;0;17;120
avr.-11;Catastrophes;22;20;15;12;5;16;90
avr.-11;Culture-loisirs;56;40;24;7;55;46;228
avr.-11;Economie;49;48;32;21;13;29;192
avr.-11;Education;10;5;8;1;1;1;26
avr.-11;Environnement;56;30;31;7;19;21;164
avr.-11;Faits divers;58;48;44;19;1;48;218
avr.-11;Histoire-hommages;6;5;3;1;6;3;24
avr.-11;International;115;184;114;91;163;64;731
avr.-11;Justice;18;22;21;16;8;22;107
avr.-11;Politique France;22;43;34;15;3;16;133
avr.-11;Santé;18;19;25;7;1;22;92
avr.-11;Sciences et techniques;12;10;11;6;12;6;57
avr.-11;Société;122;101;75;37;28;95;458
avr.-11;Sport;37;32;16;2;1;10;98
mai-11;Catastrophes;44;33;22;21;4;17;141
mai-11;Culture-loisirs;57;52;33;5;92;50;289
mai-11;Economie;44;27;26;15;16;21;149
mai-11;Education;20;18;11;3;3;10;65
mai-11;Environnement;48;44;27;15;21;31;186
mai-11;Faits divers;27;20;25;8;1;35;116
mai-11;Histoire-hommages;16;15;15;5;10;10;71
mai-11;International;120;157;128;86;172;94;757
mai-11;Justice;131;130;81;51;25;78;496
mai-11;Politique France;64;71;48;29;4;44;260
mai-11;Santé;36;44;36;15;7;35;173
mai-11;Sciences et techniques;11;6;6;2;0;8;33
mai-11;Société;114;87;61;32;38;99;431
mai-11;Sport;59;72;41;13;8;41;234
juin-11;Catastrophes;22;26;28;12;0;23;111
juin-11;Culture-loisirs;43;30;20;5;70;42;210
juin-11;Economie;53;51;42;16;26;28;216
juin-11;Education;39;29;18;15;0;21;122
juin-11;Environnement;38;24;12;7;11;16;108
juin-11;Faits divers;43;37;30;18;0;37;165
juin-11;Histoire-hommages;15;10;2;0;8;4;39
juin-11;International;74;118;77;62;124;44;499
juin-11;Justice;62;65;45;40;11;55;278
juin-11;Politique France;50;74;48;24;5;37;238
juin-11;Santé;48;38;31;11;7;42;177
juin-11;Sciences et techniques;10;9;6;4;4;6;39
juin-11;Société;90;88;53;53;29;60;373
juin-11;Sport;47;39;22;4;3;26;141
juil.-11;Catastrophes;32;32;20;15;11;21;131
juil.-11;Culture-loisirs;68;39;28;11;27;44;217
juil.-11;Economie;67;65;49;30;23;28;262
juil.-11;Education;12;14;8;4;0;5;43
juil.-11;Environnement;23;29;21;12;5;16;106
juil.-11;Faits divers;33;21;18;13;1;35;121
juil.-11;Histoire-hommages;16;12;9;7;4;5;53
juil.-11;International;75;105;69;80;118;48;495
juil.-11;Justice;53;54;29;30;8;33;207
juil.-11;Politique France;38;60;43;29;5;26;201
juil.-11;Santé;14;11;10;5;0;8;48
juil.-11;Sciences et techniques;18;9;9;4;2;14;56
juil.-11;Société;91;84;68;49;22;92;406
juil.-11;Sport;67;67;43;30;3;45;255
août-11;Catastrophes;44;50;36;24;15;27;196
août-11;Culture-loisirs;77;50;26;7;44;45;249
août-11;Economie;129;136;79;52;42;63;501
août-11;Education;16;22;15;6;0;10;69
août-11;Environnement;48;32;23;6;9;21;139
août-11;Faits divers;49;54;57;29;1;69;259
août-11;Histoire-hommages;9;8;5;9;6;2;39
août-11;International;77;111;68;83;158;37;534
août-11;Justice;44;46;36;30;9;33;198
août-11;Politique France;36;28;38;17;2;20;141
août-11;Santé;18;17;18;14;3;20;90
août-11;Sciences et techniques;14;6;3;3;0;4;30
août-11;Société;137;124;92;79;38;125;595
août-11;Sport;81;57;41;24;1;31;235
sept.-11;Catastrophes;17;19;13;5;1;16;71
sept.-11;Culture-loisirs;49;39;27;14;58;46;233
sept.-11;Economie;78;92;39;51;41;37;338
sept.-11;Education;18;25;15;10;4;21;93
sept.-11;Environnement;23;17;5;6;6;11;68
sept.-11;Faits divers;28;29;32;10;0;42;141
sept.-11;Histoire-hommages;9;13;9;3;4;8;46
sept.-11;International;85;81;44;73;142;35;460
sept.-11;Justice;61;73;63;59;15;64;335
sept.-11;Politique France;49;55;53;34;7;35;233
sept.-11;Santé;23;14;22;11;5;9;84
sept.-11;Sciences et techniques;13;8;10;9;2;12;54
sept.-11;Société;71;71;43;53;20;56;314
sept.-11;Sport;61;53;29;21;0;33;197
oct.-11;Catastrophes;26;26;16;15;8;18;109
oct.-11;Culture-loisirs;53;31;23;15;62;49;233
oct.-11;Economie;63;65;37;40;37;41;283
oct.-11;Education;12;12;2;7;0;5;38
oct.-11;Environnement;23;13;10;10;3;10;69
oct.-11;Faits divers;30;34;21;14;3;37;139
oct.-11;Histoire-hommages;11;16;4;7;12;4;54
oct.-11;International;69;75;59;85;133;50;471
oct.-11;Justice;45;36;41;28;4;39;193
oct.-11;Politique France;91;140;74;43;10;50;408
oct.-11;Santé;20;10;11;2;3;17;63
oct.-11;Sciences et techniques;7;8;7;0;1;3;26
oct.-11;Société;86;74;57;73;33;78;401
oct.-11;Sport;75;63;33;18;0;36;225
nov.-11;Catastrophes;69;50;47;21;3;45;235
nov.-11;Culture-loisirs;58;50;29;10;80;64;291
nov.-11;Economie;95;105;71;43;33;58;405
nov.-11;Education;17;15;6;5;2;9;54
nov.-11;Environnement;32;39;16;11;11;10;119
nov.-11;Faits divers;60;51;46;19;14;57;247
nov.-11;Histoire-hommages;17;17;16;8;7;12;77
nov.-11;International;100;111;83;116;176;65;651
nov.-11;Justice;48;42;27;49;11;44;221
nov.-11;Politique France;43;66;34;28;4;26;201
nov.-11;Santé;22;21;20;11;1;20;95
nov.-11;Sciences et techniques;20;18;9;12;8;11;78
nov.-11;Société;121;102;78;71;48;111;531
nov.-11;Sport;44;33;16;11;0;24;128
déc.-11;Catastrophes;38;26;28;10;2;16;120
déc.-11;Culture-loisirs;68;42;33;8;47;42;240
déc.-11;Economie;67;73;48;37;18;32;275
déc.-11;Education;8;8;4;7;1;2;30
déc.-11;Environnement;20;20;16;8;8;11;83
déc.-11;Faits divers;35;37;33;17;1;37;160
déc.-11;Histoire-hommages;13;17;8;9;11;6;64
déc.-11;International;61;114;40;67;133;32;447
déc.-11;Justice;37;28;31;34;14;33;177
déc.-11;Politique France;26;30;27;22;7;19;131
déc.-11;Santé;23;33;18;11;2;22;109
déc.-11;Sciences et techniques;12;8;10;7;3;8;48
déc.-11;Société;149;125;90;80;25;122;591
déc.-11;Sport;38;27;11;14;1;23;114
janv.-12;Catastrophes;111;80;45;18;2;45;301
janv.-12;Culture-loisirs;73;59;38;16;33;60;279
janv.-12;Economie;99;111;78;64;31;56;439
janv.-12;Education;14;16;10;6;2;8;56
janv.-12;Environnement;26;50;15;16;5;23;135
janv.-12;Faits divers;29;27;33;12;3;49;153
janv.-12;Histoire-hommages;12;8;9;4;10;8;51
janv.-12;International;72;97;53;93;178;44;537
janv.-12;Justice;28;23;28;19;14;25;137
janv.-12;Politique France;79;103;82;52;13;46;375
janv.-12;Santé;32;29;17;11;3;19;111
janv.-12;Sciences et techniques;13;9;6;6;3;7;44
janv.-12;Société;111;105;74;61;38;78;467
janv.-12;Sport;47;44;24;7;0;26;148
févr.-12;Catastrophes;63;59;40;11;0;50;223
févr.-12;Culture-loisirs;50;36;29;17;36;52;220
févr.-12;Economie;65;68;52;30;26;35;276
févr.-12;Education;9;13;7;2;3;5;39
févr.-12;Environnement;57;47;22;7;6;19;158
févr.-12;Faits divers;25;19;17;5;5;31;102
févr.-12;Histoire-hommages;10;12;6;4;11;14;57
févr.-12;International;53;74;40;79;132;36;414
févr.-12;Justice;26;23;28;32;7;34;150
févr.-12;Politique France;87;107;82;51;7;69;403
févr.-12;Santé;22;15;15;10;1;13;76
févr.-12;Sciences et techniques;5;9;2;4;1;8;29
févr.-12;Société;106;98;62;66;35;73;440
févr.-12;Sport;37;35;17;9;0;18;116
mars-12;Catastrophes;58;52;34;16;2;32;194
mars-12;Culture-loisirs;36;22;17;12;20;34;141
mars-12;Economie;38;27;27;21;20;16;149
mars-12;Education;11;15;6;2;0;7;41
mars-12;Environnement;35;27;23;8;12;11;116
mars-12;Faits divers;25;29;15;18;5;28;120
mars-12;Histoire-hommages;19;20;9;5;8;12;73
mars-12;International;40;51;26;68;110;18;313
mars-12;Justice;26;29;15;17;10;19;116
mars-12;Politique France;195;198;155;89;35;147;819
mars-12;Santé;17;19;13;10;5;21;85
mars-12;Sciences et techniques;8;7;8;3;1;5;32
mars-12;Société;80;101;40;52;29;53;355
mars-12;Sport;36;41;19;6;0;20;122
avr.-12;Catastrophes;21;25;17;15;4;16;98
avr.-12;Culture-loisirs;37;36;14;14;18;52;171
avr.-12;Economie;68;72;35;28;17;29;249
avr.-12;Education;9;7;5;1;0;6;28
avr.-12;Environnement;27;25;15;9;4;11;91
avr.-12;Faits divers;61;42;48;23;5;38;217
avr.-12;Histoire-hommages;13;10;9;4;5;5;46
avr.-12;International;59;70;33;63;127;25;377
avr.-12;Justice;31;35;25;25;12;22;150
avr.-12;Politique France;120;129;109;52;39;142;591
avr.-12;Santé;14;18;8;4;1;12;57
avr.-12;Sciences et techniques;15;13;7;5;4;11;55
avr.-12;Société;72;85;55;53;31;72;368
avr.-12;Sport;28;23;22;16;2;22;113
mai-12;Catastrophes;42;37;29;12;3;18;141
mai-12;Culture-loisirs;63;33;30;19;38;61;244
mai-12;Economie;62;69;49;33;33;33;279
mai-12;Education;16;18;6;5;1;6;52
mai-12;Environnement;22;20;9;8;7;9;75
mai-12;Faits divers;40;29;34;12;2;37;154
mai-12;Histoire-hommages;13;18;10;7;3;12;63
mai-12;International;103;144;69;107;169;58;650
mai-12;Justice;28;28;25;33;15;32;161
mai-12;Politique France;174;221;133;62;27;105;722
mai-12;Santé;27;15;12;8;2;22;86
mai-12;Sciences et techniques;7;10;8;5;2;8;40
mai-12;Société;104;94;61;58;30;104;451
mai-12;Sport;80;63;40;20;3;29;235
juin-12;Catastrophes;15;13;10;12;3;15;68
juin-12;Culture-loisirs;47;20;22;12;31;37;169
juin-12;Economie;58;70;40;34;39;16;257
juin-12;Education;26;33;14;7;0;16;96
juin-12;Environnement;19;15;11;7;9;4;65
juin-12;Faits divers;43;47;41;23;0;42;196
juin-12;Histoire-hommages;22;14;9;4;3;15;67
juin-12;International;55;80;37;46;93;27;338
juin-12;Justice;30;13;25;23;15;12;118
juin-12;Politique France;84;109;89;35;21;83;421
juin-12;Santé;11;19;11;3;1;14;59
juin-12;Sciences et techniques;9;9;8;2;2;4;34
juin-12;Société;78;97;55;42;31;53;356
juin-12;Sport;86;53;29;23;3;73;267
juil.-12;Catastrophes;45;62;39;16;7;44;213
juil.-12;Culture-loisirs;79;35;32;9;42;63;260
juil.-12;Economie;109;127;72;42;38;67;455
juil.-12;Education;11;16;7;5;0;9;48
juil.-12;Environnement;37;36;17;9;9;14;122
juil.-12;Faits divers;39;36;42;13;2;54;186
juil.-12;Histoire-hommages;13;22;13;7;14;11;80
juil.-12;International;46;96;45;41;129;26;383
juil.-12;Justice;20;26;19;18;14;25;122
juil.-12;Politique France;55;55;25;17;6;27;185
juil.-12;Santé;19;21;12;8;2;12;74
juil.-12;Sciences et techniques;20;14;5;6;6;7;58
juil.-12;Société;94;109;77;51;31;85;447
juil.-12;Sport;156;172;105;46;10;75;564
août-12;Catastrophes;36;47;38;16;8;26;171
août-12;Culture-loisirs;52;26;17;8;22;36;161
août-12;Economie;62;69;39;34;28;34;266
août-12;Education;18;14;5;4;1;9;51
août-12;Environnement;50;27;20;10;9;19;135
août-12;Faits divers;22;33;19;14;4;24;116
août-12;Histoire-hommages;10;17;6;7;6;5;51
août-12;International;44;85;42;57;109;40;377
août-12;Justice;19;19;20;20;17;17;112
août-12;Politique France;37;32;37;18;6;29;159
août-12;Santé;22;31;21;11;2;20;107
août-12;Sciences et techniques;27;16;12;5;5;12;77
août-12;Société;99;82;62;45;30;74;392
août-12;Sport;108;179;73;29;3;43;435
sept.-12;Catastrophes;18;19;18;8;3;16;82
sept.-12;Culture-loisirs;55;35;20;15;27;55;207
sept.-12;Economie;63;106;68;32;37;43;349
sept.-12;Education;26;26;27;11;0;13;103
sept.-12;Environnement;15;14;14;10;5;7;65
sept.-12;Faits divers;60;47;38;6;2;49;202
sept.-12;Histoire-hommages;15;10;8;3;7;4;47
sept.-12;International;52;67;36;49;98;32;334
sept.-12;Justice;30;32;29;28;10;31;160
sept.-12;Politique France;34;39;38;23;5;29;168
sept.-12;Santé;14;27;18;9;2;19;89
sept.-12;Sciences et techniques;13;7;6;3;1;5;35
sept.-12;Société;120;138;89;68;59;109;583
sept.-12;Sport;44;36;14;9;0;27;130
oct.-12;Catastrophes;59;70;45;20;5;60;259
oct.-12;Culture-loisirs;64;43;31;19;39;58;254
oct.-12;Economie;87;119;60;31;37;32;366
oct.-12;Education;16;23;15;4;4;8;70
oct.-12;Environnement;25;25;24;7;6;14;101
oct.-12;Faits divers;41;53;40;25;1;60;220
oct.-12;Histoire-hommages;15;10;8;3;5;4;45
oct.-12;International;55;83;45;81;147;32;443
oct.-12;Justice;57;64;54;58;19;46;298
oct.-12;Politique France;49;68;50;24;11;35;237
oct.-12;Santé;31;26;22;9;4;22;114
oct.-12;Sciences et techniques;15;12;8;2;2;9;48
oct.-12;Société;133;139;87;72;43;119;593
oct.-12;Sport;61;35;23;17;1;29;166
nov.-12;Catastrophes;17;28;15;4;3;19;86
nov.-12;Culture-loisirs;46;27;24;5;26;47;175
nov.-12;Economie;69;94;49;27;23;29;291
nov.-12;Education;5;5;5;5;0;3;23
nov.-12;Environnement;23;27;18;9;9;11;97
nov.-12;Faits divers;38;44;41;13;2;52;190
nov.-12;Histoire-hommages;11;13;7;7;5;7;50
nov.-12;International;97;115;54;81;118;56;521
nov.-12;Justice;27;32;27;22;10;28;146
nov.-12;Politique France;56;96;63;32;13;45;305
nov.-12;Santé;11;22;17;10;2;13;75
nov.-12;Sciences et techniques;8;5;4;6;0;5;28
nov.-12;Société;111;136;72;69;35;92;515
nov.-12;Sport;46;32;27;12;0;26;143
déc.-12;Catastrophes;27;36;19;12;4;18;116
déc.-12;Culture-loisirs;63;50;37;5;23;51;229
déc.-12;Economie;64;93;52;39;19;41;308
déc.-12;Education;8;14;10;7;1;9;49
déc.-12;Environnement;23;25;18;9;14;12;101
déc.-12;Faits divers;49;48;36;13;7;53;206
déc.-12;Histoire-hommages;7;6;4;3;7;5;32
déc.-12;International;45;83;50;49;119;34;380
déc.-12;Justice;21;25;23;22;14;20;125
déc.-12;Politique France;31;43;22;19;3;18;136
déc.-12;Santé;35;25;26;9;2;20;117
déc.-12;Sciences et techniques;13;12;6;7;1;9;48
déc.-12;Société;132;171;101;73;45;116;638
déc.-12;Sport;33;17;7;16;0;9;82
janv.-13;Catastrophes;52;76;25;12;2;48;215
janv.-13;Culture-loisirs;76;67;24;12;23;58;260
janv.-13;Economie;68;86;61;45;34;42;336
janv.-13;Education;13;9;10;3;3;13;51
janv.-13;Environnement;28;30;36;9;5;14;122
janv.-13;Faits divers;32;42;30;13;8;54;179
janv.-13;Histoire-hommages;10;10;4;7;15;5;51
janv.-13;International;143;174;96;75;139;82;709
janv.-13;Justice;28;44;33;28;14;46;193
janv.-13;Politique France;35;33;23;10;5;19;125
janv.-13;Santé;17;29;20;13;5;20;104
janv.-13;Sciences et techniques;9;11;8;7;3;8;46
janv.-13;Société;154;166;107;81;56;110;674
janv.-13;Sport;56;40;27;18;3;31;175
févr.-13;Catastrophes;30;31;22;9;0;16;108
févr.-13;Culture-loisirs;40;46;26;15;34;41;202
févr.-13;Economie;64;70;49;38;26;46;293
févr.-13;Education;16;12;13;3;3;21;68
févr.-13;Environnement;27;22;12;9;4;5;79
févr.-13;Faits divers;32;33;25;21;3;52;166
févr.-13;Histoire-hommages;9;9;3;4;6;2;33
févr.-13;International;96;111;57;66;119;63;512
févr.-13;Justice;16;11;17;19;8;24;95
févr.-13;Politique France;16;29;13;8;1;15;82
févr.-13;Santé;18;21;16;5;3;14;77
févr.-13;Sciences et techniques;14;11;3;11;2;11;52
févr.-13;Société;139;193;118;77;50;128;705
févr.-13;Sport;43;34;25;17;1;23;143
mars-13;Catastrophes;42;60;40;9;0;37;188
mars-13;Culture-loisirs;35;24;23;14;21;51;168
mars-13;Economie;51;81;43;35;34;33;277
mars-13;Education;9;9;9;3;0;8;38
mars-13;Environnement;25;27;13;10;10;15;100
mars-13;Faits divers;22;31;14;10;5;17;99
mars-13;Histoire-hommages;13;21;12;10;10;9;75
mars-13;International;45;75;30;77;105;31;363
mars-13;Justice;32;38;35;19;13;44;181
mars-13;Politique France;42;48;39;20;3;34;186
mars-13;Santé;12;15;15;15;2;17;76
mars-13;Sciences et techniques;16;8;7;4;1;8;44
mars-13;Société;164;156;96;78;50;114;658
mars-13;Sport;38;25;11;14;0;14;102
avr.-13;Catastrophes;27;31;24;14;5;21;122
avr.-13;Culture-loisirs;79;35;24;13;29;48;228
avr.-13;Economie;91;82;48;44;32;38;335
avr.-13;Education;14;18;13;3;0;8;56
avr.-13;Environnement;37;38;22;10;6;11;124
avr.-13;Faits divers;46;52;46;32;3;56;235
avr.-13;Histoire-hommages;13;11;9;10;7;6;56
avr.-13;International;88;128;59;95;134;75;579
avr.-13;Justice;29;34;37;32;20;36;188
avr.-13;Politique France;96;127;77;42;18;66;426
avr.-13;Santé;29;25;24;15;8;18;119
avr.-13;Sciences et techniques;10;13;9;6;3;8;49
avr.-13;Société;118;140;69;59;35;86;507
avr.-13;Sport;38;33;30;21;0;18;140
mai-13;Catastrophes;54;62;40;16;2;36;210
mai-13;Culture-loisirs;56;34;39;13;29;53;224
mai-13;Economie;49;71;38;37;13;25;233
mai-13;Education;16;23;8;3;3;10;63
mai-13;Environnement;24;34;27;8;9;13;115
mai-13;Faits divers;34;63;31;30;2;52;212
mai-13;Histoire-hommages;13;15;8;4;10;8;58
mai-13;International;26;60;22;36;103;33;280
mai-13;Justice;32;42;31;37;16;29;187
mai-13;Politique France;55;75;36;29;16;39;250
mai-13;Santé;28;33;26;17;3;24;131
mai-13;Sciences et techniques;12;16;7;6;2;4;47
mai-13;Société;75;90;69;41;43;74;392
mai-13;Sport;63;48;34;26;0;23;194
juin-13;Catastrophes;60;62;39;21;5;42;229
juin-13;Culture-loisirs;65;32;22;14;30;52;215
juin-13;Economie;41;84;35;26;17;36;239
juin-13;Education;26;22;18;6;0;15;87
juin-13;Environnement;20;39;12;8;3;19;101
juin-13;Faits divers;16;17;22;9;1;28;93
juin-13;Histoire-hommages;13;21;12;9;5;8;68
juin-13;International;55;67;44;63;115;43;387
juin-13;Justice;27;47;35;48;25;32;214
juin-13;Politique France;52;55;44;33;12;44;240
juin-13;Santé;18;34;18;14;2;24;110
juin-13;Sciences et techniques;8;7;2;8;1;7;33
juin-13;Société;79;119;79;56;26;73;432
juin-13;Sport;46;47;31;24;0;36;184
juil.-13;Catastrophes;96;141;74;50;10;83;454
juil.-13;Culture-loisirs;74;53;23;7;33;53;243
juil.-13;Economie;63;67;43;25;16;38;252
juil.-13;Education;10;12;7;2;0;6;37
juil.-13;Environnement;49;59;27;13;3;22;173
juil.-13;Faits divers;28;35;24;25;2;38;152
juil.-13;Histoire-hommages;9;8;8;1;1;5;32
juil.-13;International;54;75;50;62;160;47;448
juil.-13;Justice;27;44;25;41;44;23;204
juil.-13;Politique France;51;81;48;32;7;41;260
juil.-13;Santé;19;27;21;7;1;14;89
juil.-13;Sciences et techniques;11;17;8;4;1;11;52
juil.-13;Société;148;192;101;90;32;132;695
juil.-13;Sport;57;66;53;50;0;40;266
août-13;Catastrophes;34;56;38;18;3;24;173
août-13;Culture-loisirs;70;50;25;12;26;39;222
août-13;Economie;62;91;52;19;15;31;270
août-13;Education;19;8;11;5;0;12;55
août-13;Environnement;26;31;19;11;11;7;105
août-13;Faits divers;57;63;49;42;5;53;269
août-13;Histoire-hommages;8;4;5;5;6;2;30
août-13;International;59;102;47;63;110;53;434
août-13;Justice;17;27;20;21;19;23;127
août-13;Politique France;23;29;23;12;3;25;115
août-13;Santé;13;6;17;5;7;10;58
août-13;Sciences et techniques;17;19;10;4;1;10;61
août-13;Société;96;142;58;63;19;88;466
août-13;Sport;44;52;24;21;1;21;163
sept.-13;Catastrophes;16;30;17;12;3;19;97
sept.-13;Culture-loisirs;56;35;32;7;27;43;200
sept.-13;Economie;53;74;42;34;16;27;246
sept.-13;Education;21;30;10;8;2;19;90
sept.-13;Environnement;23;39;22;15;13;15;127
sept.-13;Faits divers;47;61;41;17;1;56;223
sept.-13;Histoire-hommages;5;13;6;5;4;4;37
sept.-13;International;95;120;76;53;120;65;529
sept.-13;Justice;14;17;19;15;13;18;96
sept.-13;Politique France;30;45;32;15;6;27;155
sept.-13;Santé;18;17;16;9;3;9;72
sept.-13;Sciences et techniques;15;7;4;6;1;5;38
sept.-13;Société;75;92;64;41;22;77;371
sept.-13;Sport;44;39;14;15;1;27;140
oct.-13;Catastrophes;40;63;42;15;18;33;211
oct.-13;Culture-loisirs;71;49;26;14;34;65;259
oct.-13;Economie;88;117;87;46;23;57;418
oct.-13;Education;19;17;10;1;1;4;52
oct.-13;Environnement;20;36;15;15;7;14;107
oct.-13;Faits divers;31;37;34;13;1;44;160
oct.-13;Histoire-hommages;11;15;14;4;13;10;67
oct.-13;International;71;97;38;63;125;43;437
oct.-13;Justice;30;31;34;18;14;28;155
oct.-13;Politique France;63;89;50;34;15;55;306
oct.-13;Santé;32;24;25;12;5;27;125
oct.-13;Sciences et techniques;11;21;7;11;5;11;66
oct.-13;Société;101;157;84;70;39;128;579
oct.-13;Sport;52;40;31;15;1;22;161
nov.-13;Catastrophes;48;57;34;17;11;22;189
nov.-13;Culture-loisirs;47;41;13;16;25;45;187
nov.-13;Economie;92;109;71;41;20;66;399
nov.-13;Education;7;6;8;5;3;7;36
nov.-13;Environnement;10;26;21;6;13;14;90
nov.-13;Faits divers;33;37;41;15;1;46;173
nov.-13;Histoire-hommages;27;31;23;10;16;17;124
nov.-13;International;52;78;40;61;102;46;379
nov.-13;Justice;12;15;25;19;7;32;110
nov.-13;Politique France;28;28;29;26;5;20;136
nov.-13;Santé;11;18;16;3;0;11;59
nov.-13;Sciences et techniques;6;15;8;5;4;8;46
nov.-13;Société;74;93;66;54;32;60;379
nov.-13;Sport;52;32;27;24;2;26;163
déc.-13;Catastrophes;58;60;51;33;0;40;242
déc.-13;Culture-loisirs;71;69;26;12;33;59;270
déc.-13;Economie;86;113;66;31;16;41;353
déc.-13;Education;10;12;7;4;2;8;43
déc.-13;Environnement;23;31;23;14;3;15;109
déc.-13;Faits divers;43;40;38;19;3;48;191
déc.-13;Histoire-hommages;46;54;37;26;15;33;211
déc.-13;International;79;101;57;87;141;53;518
déc.-13;Justice;18;16;24;14;16;26;114
déc.-13;Politique France;28;36;31;29;5;21;150
déc.-13;Santé;17;20;19;7;3;22;88
déc.-13;Sciences et techniques;9;14;13;7;6;11;60
déc.-13;Société;117;158;114;71;44;113;617
déc.-13;Sport;33;27;22;11;0;20;113
janv.-14;Catastrophes;61;71;47;13;2;49;243
janv.-14;Culture-loisirs;50;40;16;13;22;40;181
janv.-14;Economie;46;61;34;26;14;29;210
janv.-14;Education;18;13;12;3;3;10;59
janv.-14;Environnement;29;29;35;14;10;12;129
janv.-14;Faits divers;20;20;21;13;1;34;109
janv.-14;Histoire-hommages;9;13;13;5;12;9;61
janv.-14;International;46;72;35;55;124;36;368
janv.-14;Justice;32;34;33;21;12;41;173
janv.-14;Politique France;31;35;31;14;5;24;140
janv.-14;Santé;28;25;25;10;1;22;111
janv.-14;Sciences et techniques;13;7;12;12;2;6;52
janv.-14;Société;114;146;78;63;22;110;533
janv.-14;Sport;44;32;24;18;2;23;143
févr.-14;Catastrophes;58;54;50;15;2;57;236
févr.-14;Culture-loisirs;45;41;16;14;28;41;185
févr.-14;Economie;70;76;46;24;14;38;268
févr.-14;Education;13;7;1;0;2;5;28
févr.-14;Environnement;47;64;28;9;5;24;177
févr.-14;Faits divers;17;28;18;14;3;44;124
févr.-14;Histoire-hommages;6;10;4;5;9;3;37
févr.-14;International;64;99;47;64;115;60;449
févr.-14;Justice;20;19;22;23;15;29;128
févr.-14;Politique France;22;20;15;13;9;11;90
févr.-14;Santé;15;16;17;7;2;10;67
févr.-14;Sciences et techniques;12;11;2;5;1;7;38
févr.-14;Société;91;90;56;49;26;103;415
févr.-14;Sport;73;117;33;18;5;39;285
mars-14;Catastrophes;51;53;29;16;10;34;193
mars-14;Culture-loisirs;37;32;23;17;28;44;181
mars-14;Economie;39;60;34;17;10;24;184
mars-14;Education;7;9;4;1;5;7;33
mars-14;Environnement;47;55;37;16;6;27;188
mars-14;Faits divers;11;11;10;12;0;28;72
mars-14;Histoire-hommages;11;12;12;5;10;7;57
mars-14;International;87;111;46;60;113;41;458
mars-14;Justice;45;50;39;45;20;49;248
mars-14;Politique France;55;77;62;26;15;60;295
mars-14;Santé;14;21;16;9;3;14;77
mars-14;Sciences et techniques;11;12;5;6;3;6;43
mars-14;Société;64;69;43;40;18;66;300
mars-14;Sport;32;35;20;18;0;17;122
avr.-14;Catastrophes;18;36;16;20;9;21;120
avr.-14;Culture-loisirs;53;50;20;21;35;42;221
avr.-14;Economie;67;79;58;26;19;42;291
avr.-14;Education;11;8;8;0;2;9;38
avr.-14;Environnement;23;27;17;4;4;4;79
avr.-14;Faits divers;24;33;34;14;1;54;160
avr.-14;Histoire-hommages;21;22;17;8;11;10;89
avr.-14;International;74;114;63;78;144;77;550
avr.-14;Justice;24;30;35;22;10;43;164
avr.-14;Politique France;112;146;94;54;24;73;503
avr.-14;Santé;19;22;20;1;6;22;90
avr.-14;Sciences et techniques;15;16;12;7;3;13;66
avr.-14;Société;99;130;81;47;35;104;496
avr.-14;Sport;46;40;31;39;0;24;180
mai-14;Catastrophes;25;32;22;10;10;31;130
mai-14;Culture-loisirs;60;33;29;21;23;46;212
mai-14;Economie;42;82;43;31;7;32;237
mai-14;Education;16;9;6;1;0;6;38
mai-14;Environnement;20;23;9;5;2;5;64
mai-14;Faits divers;23;29;30;7;0;43;132
mai-14;Histoire-hommages;18;24;19;6;9;6;82
mai-14;International;114;155;79;77;138;88;651
mai-14;Justice;28;36;36;21;7;34;162
mai-14;Politique France;23;38;34;15;8;22;140
mai-14;Santé;15;9;16;7;2;20;69
mai-14;Sciences et techniques;8;17;2;4;1;11;43
mai-14;Société;58;87;64;30;25;75;339
mai-14;Sport;52;47;27;27;0;26;179
juin-14;Catastrophes;10;24;10;8;3;24;79
juin-14;Culture-loisirs;23;40;18;18;30;43;172
juin-14;Economie;30;57;27;14;13;24;165
juin-14;Education;21;13;17;6;3;19;79
juin-14;Environnement;12;24;15;3;3;9;66
juin-14;Faits divers;16;19;18;14;1;37;105
juin-14;Histoire-hommages;45;57;39;13;6;32;192
juin-14;International;48;89;35;62;124;47;405
juin-14;Justice;28;41;33;34;17;39;192
juin-14;Politique France;32;43;15;12;7;18;127
juin-14;Santé;6;5;8;2;2;11;34
juin-14;Sciences et techniques;3;8;4;5;0;7;27
juin-14;Société;98;126;83;48;21;95;471
juin-14;Sport;150;93;57;46;2;77;425
juil.-14;Catastrophes;131;140;87;41;26;88;513
juil.-14;Culture-loisirs;49;40;31;27;35;43;225
juil.-14;Economie;51;65;43;15;12;36;222
juil.-14;Education;9;10;10;4;2;7;42
juil.-14;Environnement;19;38;20;9;4;14;104
juil.-14;Faits divers;20;29;24;15;1;28;117
juil.-14;Histoire-hommages;17;19;12;8;9;4;69
juil.-14;International;68;115;43;83;143;60;512
juil.-14;Justice;26;45;33;25;13;39;181
juil.-14;Politique France;37;47;38;23;10;27;182
juil.-14;Santé;9;22;13;12;6;8;70
juil.-14;Sciences et techniques;5;15;7;9;0;2;38
juil.-14;Société;95;123;91;47;30;97;483
juil.-14;Sport;152;112;69;58;9;87;487
août-14;Catastrophes;32;45;35;14;5;25;156
août-14;Culture-loisirs;62;37;12;18;26;42;197
août-14;Economie;66;68;43;18;12;34;241
août-14;Education;17;8;4;2;0;11;42
août-14;Environnement;27;23;11;5;3;10;79
août-14;Faits divers;16;31;29;8;2;30;116
août-14;Histoire-hommages;29;30;26;14;13;20;132
août-14;International;75;113;54;82;120;62;506
août-14;Justice;16;26;16;13;4;15;90
août-14;Politique France;48;55;45;24;10;30;212
août-14;Santé;11;27;13;18;13;7;89
août-14;Sciences et techniques;12;11;5;9;2;10;49
août-14;Société;51;99;76;37;29;72;364
août-14;Sport;47;74;35;29;0;33;218
sept.-14;Catastrophes;40;54;40;7;6;47;194
sept.-14;Culture-loisirs;63;43;24;20;30;56;236
sept.-14;Economie;66;85;60;30;6;43;290
sept.-14;Education;23;20;20;5;2;32;102
sept.-14;Environnement;24;32;19;7;6;7;95
sept.-14;Faits divers;21;30;26;6;1;44;128
sept.-14;Histoire-hommages;10;9;8;3;5;0;35
sept.-14;International;132;163;67;86;177;72;697
sept.-14;Justice;27;29;27;16;6;36;141
sept.-14;Politique France;74;103;76;32;14;56;355
sept.-14;Santé;18;30;22;19;12;26;127
sept.-14;Sciences et techniques;7;16;8;6;1;9;47
sept.-14;Société;109;134;92;42;22;85;484
sept.-14;Sport;45;40;23;42;0;16;166
oct.-14;Catastrophes;43;51;31;12;3;34;174
oct.-14;Culture-loisirs;45;30;28;28;26;33;190
oct.-14;Economie;67;81;63;17;11;35;274
oct.-14;Education;10;5;2;2;1;2;22
oct.-14;Environnement;47;55;35;13;2;32;184
oct.-14;Faits divers;17;22;23;10;2;31;105
oct.-14;Histoire-hommages;4;9;5;2;5;2;27
oct.-14;International;54;99;47;58;121;47;426
oct.-14;Justice;24;26;25;16;8;32;131
oct.-14;Politique France;37;37;27;22;8;15;146
oct.-14;Santé;27;57;49;17;19;49;218
oct.-14;Sciences et techniques;10;10;10;1;3;8;42
oct.-14;Société;57;102;98;29;27;70;383
oct.-14;Sport;48;33;25;32;0;17;155
nov.-14;Catastrophes;40;50;42;6;3;36;177
nov.-14;Culture-loisirs;48;38;32;20;21;52;211
nov.-14;Economie;50;69;38;19;15;23;214
nov.-14;Education;9;9;4;1;0;7;30
nov.-14;Environnement;56;32;28;11;13;20;160
nov.-14;Faits divers;21;23;20;7;0;43;114
nov.-14;Histoire-hommages;25;22;20;5;10;8;90
nov.-14;International;58;84;44;48;105;42;381
nov.-14;Justice;32;39;31;19;16;31;168
nov.-14;Politique France;37;57;35;29;4;22;184
nov.-14;Santé;16;14;18;4;7;20;79
nov.-14;Sciences et techniques;17;22;8;7;5;12;71
nov.-14;Société;84;86;59;43;33;86;391
nov.-14;Sport;38;39;26;41;0;30;174
déc.-14;Catastrophes;74;88;57;16;16;56;307
déc.-14;Culture-loisirs;80;55;44;28;25;74;306
déc.-14;Economie;79;86;61;22;24;44;316
déc.-14;Education;11;8;6;5;1;5;36
déc.-14;Environnement;33;43;24;10;12;17;139
déc.-14;Faits divers;25;31;29;17;10;47;159
déc.-14;Histoire-hommages;6;20;11;2;6;4;49
déc.-14;International;60;91;35;51;128;37;402
déc.-14;Justice;13;16;11;11;14;32;97
déc.-14;Politique France;49;50;39;23;7;20;188
déc.-14;Santé;25;30;26;7;10;20;118
déc.-14;Sciences et techniques;11;10;6;7;3;6;43
déc.-14;Société;141;182;118;65;46;130;682
déc.-14;Sport;31;27;17;43;0;16;134
janv.-15;Catastrophes;29;27;35;7;5;34;137
janv.-15;Culture-loisirs;41;34;18;26;25;47;191
janv.-15;Economie;39;48;23;13;8;16;147
janv.-15;Education;8;10;6;2;3;8;37
janv.-15;Environnement;21;15;8;4;1;8;57
janv.-15;Faits divers;6;6;10;4;0;6;32
janv.-15;Histoire-hommages;16;14;13;10;11;13;77
janv.-15;International;65;98;51;55;108;44;421
janv.-15;Justice;13;8;11;13;6;20;71
janv.-15;Politique France;223;262;144;79;58;191;957
janv.-15;Santé;18;17;13;5;2;20;75
janv.-15;Sciences et techniques;10;4;3;3;0;5;25
janv.-15;Société;72;91;67;27;32;79;368
janv.-15;Sport;25;23;13;26;0;10;97
févr.-15;Catastrophes;48;38;37;4;3;26;156
févr.-15;Culture-loisirs;54;37;23;27;26;40;207
févr.-15;Economie;84;107;66;29;40;51;377
févr.-15;Education;16;7;6;2;1;8;40
févr.-15;Environnement;32;27;26;6;2;15;108
févr.-15;Faits divers;22;28;20;9;3;25;107
févr.-15;Histoire-hommages;7;16;9;2;6;4;44
févr.-15;International;65;92;60;52;114;51;434
févr.-15;Justice;22;26;17;23;11;29;128
févr.-15;Politique France;50;62;33;20;10;45;220
févr.-15;Santé;15;12;15;3;2;17;64
févr.-15;Sciences et techniques;8;8;5;5;0;5;31
févr.-15;Société;50;76;54;41;20;68;309
févr.-15;Sport;41;41;25;27;1;27;162
mars-15;Catastrophes;97;133;72;27;15;74;418
mars-15;Culture-loisirs;45;30;25;27;23;42;192
mars-15;Economie;51;62;35;21;17;18;204
mars-15;Education;15;12;7;3;0;9;46
mars-15;Environnement;41;41;43;9;10;30;174
mars-15;Faits divers;53;59;39;23;8;57;239
mars-15;Histoire-hommages;6;9;6;1;9;1;32
mars-15;International;64;99;38;42;160;55;458
mars-15;Justice;11;21;18;18;13;27;108
mars-15;Politique France;102;138;58;34;15;91;438
mars-15;Santé;29;25;17;7;2;23;103
mars-15;Sciences et techniques;14;25;12;3;4;17;75
mars-15;Société;91;83;68;39;40;94;415
mars-15;Sport;36;34;34;41;1;27;173
avr.-15;Catastrophes;69;64;53;25;12;57;280
avr.-15;Culture-loisirs;43;36;36;34;26;39;214
avr.-15;Economie;44;80;50;15;17;40;246
avr.-15;Education;13;10;4;0;3;4;34
avr.-15;Environnement;17;17;7;6;2;11;60
avr.-15;Faits divers;48;51;45;21;2;54;221
avr.-15;Histoire-hommages;29;26;30;11;24;19;139
avr.-15;International;32;55;19;29;88;35;258
avr.-15;Justice;21;18;9;7;13;33;101
avr.-15;Politique France;48;56;48;30;17;34;233
avr.-15;Santé;25;7;15;6;2;17;72
avr.-15;Sciences et techniques;11;10;7;7;5;9;49
avr.-15;Société;73;110;51;32;29;89;384
avr.-15;Sport;33;22;20;34;0;16;125
mai-15;Catastrophes;27;23;21;5;8;28;112
mai-15;Culture-loisirs;50;39;29;23;26;58;225
mai-15;Economie;49;89;47;12;5;25;227
mai-15;Education;24;22;19;4;4;20;93
mai-15;Environnement;18;26;17;4;9;4;78
mai-15;Faits divers;16;15;24;4;1;18;78
mai-15;Histoire-hommages;21;24;17;10;11;13;96
mai-15;International;51;98;35;52;128;48;412
mai-15;Justice;25;15;18;15;12;29;114
mai-15;Politique France;33;34;32;18;6;25;148
mai-15;Santé;20;20;12;4;2;26;84
mai-15;Sciences et techniques;16;6;6;3;0;12;43
mai-15;Société;98;97;54;21;27;81;378
mai-15;Sport;47;28;25;40;4;28;172
juin-15;Catastrophes;32;26;13;10;3;34;118
juin-15;Culture-loisirs;51;40;24;29;34;60;238
juin-15;Economie;77;142;70;42;47;57;435
juin-15;Education;21;23;8;2;0;14;68
juin-15;Environnement;39;31;27;4;14;22;137
juin-15;Faits divers;25;18;27;11;6;42;129
juin-15;Histoire-hommages;23;14;13;7;6;14;77
juin-15;International;89;117;55;69;124;64;518
juin-15;Justice;27;23;24;25;17;33;149
juin-15;Politique France;79;84;68;49;11;66;357
juin-15;Santé;23;8;16;8;5;32;92
juin-15;Sciences et techniques;10;15;11;4;6;16;62
juin-15;Société;89;106;83;46;29;79;432
juin-15;Sport;59;46;38;54;4;43;244
juil.-15;Catastrophes;32;55;44;15;4;34;184
juil.-15;Culture-loisirs;57;22;30;36;28;50;223
juil.-15;Economie;126;154;90;56;56;78;560
juil.-15;Education;5;5;3;3;0;9;25
juil.-15;Environnement;28;32;25;8;2;14;109
juil.-15;Faits divers;8;13;10;7;9;19;66
juil.-15;Histoire-hommages;4;8;7;4;4;4;31
juil.-15;International;50;89;42;42;103;41;367
juil.-15;Justice;4;17;8;8;6;21;64
juil.-15;Politique France;43;31;30;23;5;26;158
juil.-15;Santé;11;5;10;9;2;15;52
juil.-15;Sciences et techniques;20;12;7;3;3;13;58
juil.-15;Société;79;90;50;31;18;76;344
juil.-15;Sport;51;54;47;53;4;41;250
août-15;Catastrophes;31;62;43;11;18;51;216
août-15;Culture-loisirs;54;33;19;25;27;48;206
août-15;Economie;96;104;70;42;21;50;383
août-15;Education;13;5;7;4;2;9;40
août-15;Environnement;27;37;21;8;7;23;123
août-15;Faits divers;25;22;22;15;3;30;117
août-15;Histoire-hommages;4;9;6;1;7;5;32
août-15;International;47;63;30;39;118;37;334
août-15;Justice;7;13;13;11;10;8;62
août-15;Politique France;55;52;49;28;14;45;243
août-15;Santé;9;11;4;6;2;11;43
août-15;Sciences et techniques;18;12;13;5;3;12;63
août-15;Société;93;87;68;22;23;72;365
août-15;Sport;41;39;31;39;2;29;181
sept.-15;Catastrophes;23;39;31;5;1;35;134
sept.-15;Culture-loisirs;48;33;30;11;26;54;202
sept.-15;Economie;65;100;39;13;11;37;265
sept.-15;Education;31;18;22;7;0;20;98
sept.-15;Environnement;42;56;33;19;19;26;195
sept.-15;Faits divers;12;13;19;7;3;21;75
sept.-15;Histoire-hommages;9;7;8;4;6;5;39
sept.-15;International;97;156;87;48;149;83;620
sept.-15;Justice;19;18;16;14;8;31;106
sept.-15;Politique France;59;86;59;16;21;45;286
sept.-15;Santé;15;9;20;4;1;17;66
sept.-15;Sciences et techniques;21;13;8;3;7;13;65
sept.-15;Société;108;119;66;27;36;94;450
sept.-15;Sport;85;37;26;45;2;32;227
oct.-15;Catastrophes;74;79;49;14;9;55;280
oct.-15;Culture-loisirs;44;33;22;10;27;51;187
oct.-15;Economie;32;61;19;9;10;17;148
oct.-15;Education;8;16;6;4;2;6;42
oct.-15;Environnement;34;19;25;5;9;19;111
oct.-15;Faits divers;19;26;22;6;5;30;108
oct.-15;Histoire-hommages;5;9;4;2;3;4;27
oct.-15;International;53;91;41;43;152;53;433
oct.-15;Justice;22;25;28;23;6;35;139
oct.-15;Politique France;34;35;32;10;13;23;147
oct.-15;Santé;17;15;14;5;2;15;68
oct.-15;Sciences et techniques;3;8;7;2;3;9;32
oct.-15;Société;94;100;73;35;23;77;402
oct.-15;Sport;65;22;23;35;2;16;163
nov.-15;Catastrophes;43;40;33;10;6;38;170
nov.-15;Culture-loisirs;33;22;8;6;22;40;131
nov.-15;Economie;34;53;33;3;3;19;145
nov.-15;Education;5;2;4;1;1;3;16
nov.-15;Environnement;52;37;32;15;7;18;161
nov.-15;Faits divers;12;7;7;5;1;13;45
nov.-15;Histoire-hommages;6;7;4;5;10;6;38
nov.-15;International;99;133;57;64;117;90;560
nov.-15;Justice;16;11;14;16;1;20;78
nov.-15;Politique France;169;215;149;85;49;152;819
nov.-15;Santé;10;8;9;5;1;16;49
nov.-15;Sciences et techniques;10;7;4;3;4;11;39
nov.-15;Société;42;39;24;20;14;46;185
nov.-15;Sport;17;13;10;27;4;18;89
déc.-15;Catastrophes;6;19;10;6;2;18;61
déc.-15;Culture-loisirs;75;40;29;21;30;63;258
déc.-15;Economie;54;60;38;10;6;35;203
déc.-15;Education;5;7;3;1;2;6;24
déc.-15;Environnement;87;84;69;25;48;52;365
déc.-15;Faits divers;18;22;28;7;5;24;104
déc.-15;Histoire-hommages;8;9;4;2;4;1;28
déc.-15;International;53;112;56;44;122;42;429
déc.-15;Justice;16;13;15;13;11;17;85
déc.-15;Politique France;128;125;99;54;37;145;588
déc.-15;Santé;19;11;21;4;3;15;73
déc.-15;Sciences et techniques;12;9;4;1;3;3;32
déc.-15;Société;95;97;62;24;21;77;376
déc.-15;Sport;27;14;12;35;2;25;115
janv.-16;Catastrophes;24;32;29;6;2;30;123
janv.-16;Culture-loisirs;47;41;15;11;23;42;179
janv.-16;Economie;53;56;32;13;7;26;187
janv.-16;Education;16;5;6;0;4;12;43
janv.-16;Environnement;40;31;29;6;6;16;128
janv.-16;Faits divers;15;24;23;11;20;33;126
janv.-16;Histoire-hommages;22;27;21;18;16;22;126
janv.-16;International;45;76;26;48;92;39;326
janv.-16;Justice;20;16;22;11;12;26;107
janv.-16;Politique France;79;95;68;42;24;57;365
janv.-16;Santé;23;24;23;7;6;18;101
janv.-16;Sciences et techniques;12;7;7;5;1;10;42
janv.-16;Société;84;102;75;22;22;97;402
janv.-16;Sport;27;20;15;10;0;14;86
févr.-16;Catastrophes;41;49;42;8;5;47;192
févr.-16;Culture-loisirs;43;33;21;8;31;54;190
févr.-16;Economie;75;86;58;10;12;47;288
févr.-16;Education;10;3;2;1;0;6;22
févr.-16;Environnement;14;20;9;0;3;9;55
févr.-16;Faits divers;12;14;16;3;6;27;78
févr.-16;Histoire-hommages;8;9;6;5;7;3;38
févr.-16;International;63;113;34;50;122;50;432
févr.-16;Justice;16;23;23;15;5;26;108
févr.-16;Politique France;66;68;57;41;15;46;293
févr.-16;Santé;20;9;8;7;4;18;66
févr.-16;Sciences et techniques;12;8;4;2;2;4;32
févr.-16;Société;83;84;70;27;22;82;368
févr.-16;Sport;32;15;15;21;3;29;115
mars-16;Catastrophes;17;18;32;6;1;21;95
mars-16;Culture-loisirs;58;49;22;9;34;49;221
mars-16;Economie;65;75;60;12;4;44;260
mars-16;Education;7;4;4;1;2;9;27
mars-16;Environnement;18;17;15;5;10;15;80
mars-16;Faits divers;14;18;17;7;2;27;85
mars-16;Histoire-hommages;21;18;11;7;9;12;78
mars-16;International;158;214;128;103;180;158;941
mars-16;Justice;12;12;14;5;6;18;67
mars-16;Politique France;53;73;50;30;8;49;263
mars-16;Santé;18;12;12;7;2;23;74
mars-16;Sciences et techniques;17;19;10;3;7;14;70
mars-16;Société;122;135;96;50;20;108;531
mars-16;Sport;45;22;18;29;0;25;139
avr.-16;Catastrophes;16;15;19;3;8;18;79
avr.-16;Culture-loisirs;47;20;18;6;29;43;163
avr.-16;Economie;66;64;41;13;8;30;222
avr.-16;Education;14;5;8;0;1;8;36
avr.-16;Environnement;21;16;21;3;17;15;93
avr.-16;Faits divers;12;11;12;9;1;29;74
avr.-16;Histoire-hommages;13;16;14;3;6;11;63
avr.-16;International;67;98;39;49;106;59;418
avr.-16;Justice;21;39;26;19;19;32;156
avr.-16;Politique France;39;48;37;17;6;32;179
avr.-16;Santé;20;11;9;0;4;16;60
avr.-16;Sciences et techniques;18;18;12;1;3;16;68
avr.-16;Société;105;122;100;50;34;122;533
avr.-16;Sport;35;26;27;31;0;28;147
mai-16;Catastrophes;97;125;96;40;7;66;431
mai-16;Culture-loisirs;59;49;42;15;36;64;265
mai-16;Economie;42;69;27;6;18;38;200
mai-16;Education;15;12;12;1;2;12;54
mai-16;Environnement;19;22;14;4;8;8;75
mai-16;Faits divers;18;21;23;12;4;39;117
mai-16;Histoire-hommages;15;20;12;8;14;16;85
mai-16;International;37;82;31;43;140;46;379
mai-16;Justice;17;19;20;18;9;26;109
mai-16;Politique France;42;56;34;22;14;35;203
mai-16;Santé;13;10;6;1;1;21;52
mai-16;Sciences et techniques;19;9;10;2;6;11;57
mai-16;Société;156;196;126;43;37;136;694
mai-16;Sport;62;44;28;41;4;62;241
juin-16;Catastrophes;49;54;59;8;5;40;215
juin-16;Culture-loisirs;23;20;15;3;17;32;110
juin-16;Economie;21;28;14;2;9;15;89
juin-16;Education;15;4;7;1;1;11;39
juin-16;Environnement;12;18;11;2;5;10;58
juin-16;Faits divers;12;13;11;4;3;14;57
juin-16;Histoire-hommages;11;12;11;5;11;10;60
juin-16;International;107;144;88;45;138;88;610
juin-16;Justice;5;8;10;5;6;8;42
juin-16;Politique France;69;81;45;30;13;47;285
juin-16;Santé;6;4;3;1;0;8;22
juin-16;Sciences et techniques;10;7;3;2;2;2;26
juin-16;Société;64;87;58;27;27;60;323
juin-16;Sport;129;55;80;43;9;214;530
juil.-16;Catastrophes;20;22;16;0;2;23;83
juil.-16;Culture-loisirs;38;27;19;0;26;26;136
juil.-16;Economie;34;37;22;0;7;12;112
juil.-16;Education;4;5;3;0;0;9;21
juil.-16;Environnement;17;7;2;0;3;3;32
juil.-16;Faits divers;12;11;10;0;4;15;52
juil.-16;Histoire-hommages;21;19;11;0;4;5;60
juil.-16;International;53;95;39;0;111;50;348
juil.-16;Justice;8;7;5;0;8;11;39
juil.-16;Politique France;162;171;120;0;33;157;643
juil.-16;Santé;10;3;5;0;3;2;23
juil.-16;Sciences et techniques;17;10;2;0;4;4;37
juil.-16;Société;53;44;41;0;22;48;208
juil.-16;Sport;131;99;85;0;9;151;475
août-16;Catastrophes;56;64;57;0;5;54;236
août-16;Culture-loisirs;60;28;23;0;35;54;200
août-16;Economie;89;73;48;0;13;36;259
août-16;Education;26;8;9;0;0;17;60
août-16;Environnement;33;25;16;0;4;11;89
août-16;Faits divers;25;21;23;0;3;36;108
août-16;Histoire-hommages;7;8;5;0;9;3;32
août-16;International;37;72;31;0;166;52;358
août-16;Justice;17;13;10;0;11;18;69
août-16;Politique France;70;83;66;0;15;55;289
août-16;Santé;11;7;7;0;4;10;39
août-16;Sciences et techniques;10;9;4;0;6;13;42
août-16;Société;96;78;49;0;26;71;320
août-16;Sport;118;166;90;0;9;60;443
sept.-16;Catastrophes;18;17;21;0;3;15;74
sept.-16;Culture-loisirs;40;34;20;0;28;45;167
sept.-16;Economie;75;61;48;0;17;36;237
sept.-16;Education;12;7;4;0;0;13;36
sept.-16;Environnement;18;25;20;0;3;10;76
sept.-16;Faits divers;12;16;14;0;2;21;65
sept.-16;Histoire-hommages;12;12;13;0;13;11;61
sept.-16;International;56;84;37;0;122;55;354
sept.-16;Justice;27;28;20;0;11;25;111
sept.-16;Politique France;76;107;74;0;14;65;336
sept.-16;Santé;21;10;17;0;3;17;68
sept.-16;Sciences et techniques;19;14;6;0;6;7;52
sept.-16;Société;71;57;61;0;25;75;289
sept.-16;Sport;34;28;21;0;2;24;109
oct.-16;Catastrophes;31;31;25;0;8;36;131
oct.-16;Culture-loisirs;40;22;23;0;23;42;150
oct.-16;Economie;39;62;47;0;9;32;189
oct.-16;Education;7;6;3;0;2;16;34
oct.-16;Environnement;12;17;11;0;4;11;55
oct.-16;Faits divers;21;32;28;0;7;35;123
oct.-16;Histoire-hommages;8;8;10;0;3;4;33
oct.-16;International;77;112;50;0;123;50;412
oct.-16;Justice;9;9;10;0;2;12;42
oct.-16;Politique France;92;92;85;0;26;62;357
oct.-16;Santé;13;7;11;0;2;15;48
oct.-16;Sciences et techniques;16;8;5;0;8;9;46
oct.-16;Société;58;63;46;0;27;65;259
oct.-16;Sport;21;11;12;0;0;15;59
nov.-16;Catastrophes;24;28;26;0;7;33;118
nov.-16;Culture-loisirs;40;17;14;0;21;54;146
nov.-16;Economie;34;53;43;0;9;32;171
nov.-16;Education;9;12;3;0;1;10;35
nov.-16;Environnement;17;12;22;0;12;10;73
nov.-16;Faits divers;12;12;21;0;1;29;75
nov.-16;Histoire-hommages;19;18;17;0;11;18;83
nov.-16;International;110;150;62;0;162;92;576
nov.-16;Justice;10;11;14;0;4;24;63
nov.-16;Politique France;179;207;153;0;23;134;696
nov.-16;Santé;21;8;15;0;4;18;66
nov.-16;Sciences et techniques;37;16;13;0;4;17;87
nov.-16;Société;53;62;59;0;29;76;279
nov.-16;Sport;33;15;18;0;1;26;93
déc.-16;Catastrophes;14;12;7;0;8;16;57
déc.-16;Culture-loisirs;54;25;25;0;27;50;181
déc.-16;Economie;41;51;31;0;11;28;162
déc.-16;Education;12;3;3;0;1;2;21
déc.-16;Environnement;33;30;29;0;5;23;120
déc.-16;Faits divers;7;5;12;0;3;21;48
déc.-16;Histoire-hommages;17;21;22;0;13;17;90
déc.-16;International;86;131;66;0;135;74;492
déc.-16;Justice;22;24;35;0;13;27;121
déc.-16;Politique France;67;58;51;0;8;51;235
déc.-16;Santé;16;11;10;0;2;20;59
déc.-16;Sciences et techniques;9;10;9;0;1;5;34
déc.-16;Société;90;71;58;0;26;77;322
déc.-16;Sport;24;20;18;0;2;18;82
janv.-17;Catastrophes;50;59;49;0;3;46;207
janv.-17;Culture-loisirs;48;33;27;0;34;55;197
janv.-17;Economie;44;70;40;0;9;49;212
janv.-17;Education;14;7;5;0;2;3;31
janv.-17;Environnement;42;35;27;0;6;26;136
janv.-17;Faits divers;10;13;20;0;4;27;74
janv.-17;Histoire-hommages;9;12;8;0;11;10;50
janv.-17;International;57;110;51;0;163;70;451
janv.-17;Justice;13;14;20;0;11;26;84
janv.-17;Politique France;174;141;114;0;26;130;585
janv.-17;Santé;19;18;28;0;3;21;89
janv.-17;Sciences et techniques;26;12;7;0;5;9;59
janv.-17;Société;78;80;71;0;20;83;332
janv.-17;Sport;50;26;31;0;1;29;137
févr.-17;Catastrophes;19;21;27;0;1;18;86
févr.-17;Culture-loisirs;51;30;25;0;27;59;192
févr.-17;Economie;67;56;57;0;10;32;222
févr.-17;Education;7;7;3;0;1;8;26
févr.-17;Environnement;11;10;8;0;1;2;32
févr.-17;Faits divers;28;39;37;0;7;38;149
févr.-17;Histoire-hommages;1;3;4;0;3;3;14
févr.-17;International;34;73;21;0;129;42;299
févr.-17;Justice;23;24;17;0;9;23;96
févr.-17;Politique France;125;144;101;0;20;81;471
févr.-17;Santé;9;8;9;0;1;13;40
févr.-17;Sciences et techniques;12;9;4;0;3;12;40
févr.-17;Société;71;47;39;0;18;58;233
févr.-17;Sport;21;21;14;0;3;17;76
mars-17;Catastrophes;7;12;15;0;2;10;46
mars-17;Culture-loisirs;21;19;20;0;25;41;126
mars-17;Economie;43;41;23;0;12;25;144
mars-17;Education;10;6;6;0;1;4;27
mars-17;Environnement;12;18;16;0;7;8;61
mars-17;Faits divers;26;23;26;0;2;28;105
mars-17;Histoire-hommages;8;9;7;0;5;10;39
mars-17;International;51;80;50;0;123;53;357
mars-17;Justice;12;13;20;0;14;22;81
mars-17;Politique France;138;157;86;0;17;111;509
mars-17;Santé;15;5;7;0;2;17;46
mars-17;Sciences et techniques;15;8;7;0;8;9;47
mars-17;Société;74;80;63;0;27;67;311
mars-17;Sport;25;14;11;0;0;11;61
avr.-17;Catastrophes;7;4;6;0;2;14;33
avr.-17;Culture-loisirs;21;14;15;0;20;36;106
avr.-17;Economie;37;31;19;0;10;21;118
avr.-17;Education;4;5;0;0;1;1;11
avr.-17;Environnement;10;16;14;0;3;3;46
avr.-17;Faits divers;5;6;10;0;0;12;33
avr.-17;Histoire-hommages;4;5;4;0;5;2;20
avr.-17;International;63;101;50;0;118;54;386
avr.-17;Justice;5;5;12;0;9;14;45
avr.-17;Politique France;145;210;130;0;58;156;699
avr.-17;Santé;8;3;7;0;1;9;28
avr.-17;Sciences et techniques;15;9;7;0;13;9;53
avr.-17;Société;49;43;47;0;20;71;230
avr.-17;Sport;19;13;10;0;0;13;55
mai-17;Catastrophes;7;11;12;0;3;7;40
mai-17;Culture-loisirs;24;27;30;0;29;55;165
mai-17;Economie;55;32;40;0;7;34;168
mai-17;Education;12;8;6;0;0;6;32
mai-17;Environnement;19;13;18;0;13;18;81
mai-17;Faits divers;8;7;14;0;5;19;53
mai-17;Histoire-hommages;6;8;7;0;9;10;40
mai-17;International;74;92;65;0;134;77;442
mai-17;Justice;16;21;15;0;19;24;95
mai-17;Politique France;234;306;177;0;55;188;960
mai-17;Santé;10;6;7;0;3;21;47
mai-17;Sciences et techniques;26;12;14;0;10;9;71
mai-17;Société;57;54;37;0;23;73;244
mai-17;Sport;36;26;22;0;0;29;113
juin-17;Catastrophes;24;26;19;0;11;29;109
juin-17;Culture-loisirs;30;21;17;0;17;40;125
juin-17;Economie;31;37;37;0;13;31;149
juin-17;Education;19;14;9;0;0;16;58
juin-17;Environnement;28;16;23;0;8;22;97
juin-17;Faits divers;7;5;7;0;0;1;20
juin-17;Histoire-hommages;16;22;17;0;12;10;77
juin-17;International;53;84;49;0;107;56;349
juin-17;Justice;28;29;21;0;14;25;117
juin-17;Politique France;145;158;102;0;35;104;544
juin-17;Santé;11;5;8;0;4;17;45
juin-17;Sciences et techniques;17;13;5;0;11;8;54
juin-17;Société;36;42;24;0;21;48;171
juin-17;Sport;26;29;13;0;1;17;86
juil.-17;Catastrophes;63;59;47;0;3;47;219
juil.-17;Culture-loisirs;44;13;22;0;24;46;149
juil.-17;Economie;68;84;39;0;13;34;238
juil.-17;Education;13;9;6;0;1;15;44
juil.-17;Environnement;29;20;19;0;15;19;102
juil.-17;Faits divers;2;3;1;0;1;7;14
juil.-17;Histoire-hommages;16;18;12;0;11;15;72
juil.-17;International;34;51;33;0;121;49;288
juil.-17;Justice;13;17;14;0;8;19;71
juil.-17;Politique France;87;87;61;0;13;63;311
juil.-17;Santé;10;1;11;0;8;10;40
juil.-17;Sciences et techniques;14;4;5;0;8;4;35
juil.-17;Société;64;71;48;0;17;84;284
juil.-17;Sport;33;44;40;0;2;39;158
août-17;Catastrophes;50;48;68;0;17;58;241
août-17;Culture-loisirs;56;41;24;0;34;46;201
août-17;Economie;78;89;42;0;16;37;262
août-17;Education;28;12;11;0;0;9;60
août-17;Environnement;46;24;15;0;14;9;108
août-17;Faits divers;14;21;23;0;3;29;90
août-17;Histoire-hommages;15;13;21;0;13;9;71
août-17;International;74;116;76;0;173;65;504
août-17;Justice;6;8;8;0;13;18;53
août-17;Politique France;69;71;58;0;7;49;254
août-17;Santé;31;26;20;0;9;25;111
août-17;Sciences et techniques;12;9;8;0;9;19;57
août-17;Société;101;94;65;0;28;89;377
août-17;Sport;45;42;43;0;4;38;172
sept.-17;Catastrophes;103;92;95;16;20;104;430
sept.-17;Culture-loisirs;29;19;22;2;21;47;140
sept.-17;Economie;58;68;55;13;7;32;233
sept.-17;Education;23;10;8;2;3;14;60
sept.-17;Environnement;19;17;21;3;9;10;79
sept.-17;Faits divers;13;9;18;5;0;20;65
sept.-17;Histoire-hommages;6;7;6;2;6;3;30
sept.-17;International;45;73;36;25;146;47;372
sept.-17;Justice;10;9;7;3;7;8;44
sept.-17;Politique France;33;43;28;16;7;29;156
sept.-17;Santé;20;7;12;1;4;10;54
sept.-17;Sciences et techniques;11;7;4;2;4;9;37
sept.-17;Société;80;93;61;21;26;80;361
sept.-17;Sport;40;28;15;9;0;27;119
oct.-17;Catastrophes;25;33;28;5;8;35;134
oct.-17;Culture-loisirs;43;25;24;6;28;68;194
oct.-17;Economie;72;82;55;17;7;42;275
oct.-17;Education;20;14;6;2;1;10;53
oct.-17;Environnement;16;25;16;6;5;17;85
oct.-17;Faits divers;32;33;41;13;10;45;174
oct.-17;Histoire-hommages;9;10;8;6;5;8;46
oct.-17;International;85;126;69;27;168;74;549
oct.-17;Justice;21;24;34;14;10;29;132
oct.-17;Politique France;55;79;68;15;12;54;283
oct.-17;Santé;19;25;20;3;8;24;99
oct.-17;Sciences et techniques;18;9;5;5;17;13;67
oct.-17;Société;98;111;71;23;40;98;441
oct.-17;Sport;31;15;9;5;0;21;81
nov.-17;Catastrophes;13;16;21;9;4;16;79
nov.-17;Culture-loisirs;36;16;12;8;22;46;140
nov.-17;Economie;57;80;47;10;8;32;234
nov.-17;Education;16;5;10;4;4;11;50
nov.-17;Environnement;27;19;14;6;23;15;104
nov.-17;Faits divers;21;20;26;4;4;38;113
nov.-17;Histoire-hommages;9;10;7;3;7;2;38
nov.-17;International;52;64;29;32;94;44;315
nov.-17;Justice;19;29;21;8;15;25;117
nov.-17;Politique France;40;62;41;14;5;30;192
nov.-17;Santé;22;20;20;7;8;25;102
nov.-17;Sciences et techniques;14;5;9;1;7;8;44
nov.-17;Société;85;90;67;19;30;96;387
nov.-17;Sport;31;22;26;5;1;26;111
déc.-17;Catastrophes;60;53;60;8;4;34;219
déc.-17;Culture-loisirs;32;16;20;2;18;43;131
déc.-17;Economie;63;69;30;6;14;23;205
déc.-17;Education;12;5;4;2;0;6;29
déc.-17;Environnement;17;28;8;6;9;5;73
déc.-17;Faits divers;16;12;28;5;2;20;83
déc.-17;Histoire-hommages;66;55;47;5;5;46;224
déc.-17;International;34;90;31;25;138;41;359
déc.-17;Justice;5;7;14;2;6;10;44
déc.-17;Politique France;34;55;37;12;11;44;193
déc.-17;Santé;17;17;20;0;3;16;73
déc.-17;Sciences et techniques;7;6;3;5;12;10;43
déc.-17;Société;87;82;67;11;28;77;352
déc.-17;Sport;24;15;12;5;1;27;84
janv.-18;Catastrophes;103;107;115;8;2;59;394
janv.-18;Culture-loisirs;45;31;26;7;25;60;194
janv.-18;Economie;59;75;38;14;11;28;225
janv.-18;Education;16;11;4;2;4;11;48
janv.-18;Environnement;42;47;18;9;12;22;150
janv.-18;Faits divers;18;23;22;4;4;30;101
janv.-18;Histoire-hommages;17;22;12;2;11;17;81
janv.-18;International;38;66;33;20;140;53;350
janv.-18;Justice;20;30;22;5;8;26;111
janv.-18;Politique France;74;82;68;13;17;43;297
janv.-18;Santé;31;22;23;6;13;36;131
janv.-18;Sciences et techniques;19;7;5;3;13;12;59
janv.-18;Société;98;83;65;23;34;86;389
janv.-18;Sport;31;14;15;4;1;31;96
févr.-18;Catastrophes;99;55;55;10;2;53;274
févr.-18;Culture-loisirs;20;21;23;9;21;47;141
févr.-18;Economie;65;60;38;7;11;40;221
févr.-18;Education;14;8;2;1;1;10;36
févr.-18;Environnement;34;30;31;6;7;29;137
févr.-18;Faits divers;30;25;31;5;8;32;131
févr.-18;Histoire-hommages;3;4;2;0;9;2;20
févr.-18;International;32;70;25;18;120;34;299
févr.-18;Justice;31;33;30;14;10;36;154
févr.-18;Politique France;40;66;45;18;12;49;230
févr.-18;Santé;17;9;10;0;3;14;53
févr.-18;Sciences et techniques;14;3;2;6;10;11;46
févr.-18;Société;73;67;44;18;19;58;279
févr.-18;Sport;39;48;26;16;2;40;171
mars-18;Catastrophes;20;12;19;3;1;16;71
mars-18;Culture-loisirs;25;25;20;5;26;54;155
mars-18;Economie;39;45;30;6;9;22;151
mars-18;Education;12;9;9;5;0;12;47
mars-18;Environnement;25;20;21;4;9;5;84
mars-18;Faits divers;21;18;17;8;7;28;99
mars-18;Histoire-hommages;9;5;4;3;4;10;35
mars-18;International;62;98;51;23;134;61;429
mars-18;Justice;37;27;34;6;6;38;148
mars-18;Politique France;73;75;58;13;13;58;290
mars-18;Santé;13;18;8;2;2;17;60
mars-18;Sciences et techniques;20;10;3;4;11;12;60
mars-18;Société;93;113;85;25;26;96;438
mars-18;Sport;23;17;13;7;0;28;88
avr.-18;Catastrophes;14;14;14;2;1;12;57
avr.-18;Culture-loisirs;17;18;18;4;25;38;120
avr.-18;Economie;47;33;27;5;7;29;148
avr.-18;Education;23;17;11;4;6;18;79
avr.-18;Environnement;22;19;11;1;7;10;70
avr.-18;Faits divers;21;12;20;5;6;26;90
avr.-18;Histoire-hommages;10;9;12;5;7;11;54
avr.-18;International;51;77;34;18;105;62;347
avr.-18;Justice;16;20;11;7;11;17;82
avr.-18;Politique France;47;55;56;14;15;38;225
avr.-18;Santé;15;15;10;1;4;14;59
avr.-18;Sciences et techniques;15;2;3;8;12;13;53
avr.-18;Société;154;177;140;28;40;127;666
avr.-18;Sport;14;21;7;5;0;19;66
mai-18;Catastrophes;33;32;25;4;4;27;125
mai-18;Culture-loisirs;25;34;31;13;35;57;195
mai-18;Economie;62;69;38;4;10;32;215
mai-18;Education;23;18;8;6;4;10;69
mai-18;Environnement;28;17;20;2;13;15;95
mai-18;Faits divers;29;30;38;7;4;34;142
mai-18;Histoire-hommages;10;20;14;3;7;13;67
mai-18;International;70;95;41;36;156;54;452
mai-18;Justice;9;23;14;6;6;22;80
mai-18;Politique France;49;54;55;10;15;32;215
mai-18;Santé;16;17;10;7;12;23;85
mai-18;Sciences et techniques;17;4;2;3;8;13;47
mai-18;Société;170;169;112;28;39;142;660
mai-18;Sport;37;30;15;6;0;70;158
juin-18;Catastrophes;35;39;53;5;5;24;161
juin-18;Culture-loisirs;17;20;15;4;20;49;125
juin-18;Economie;41;61;32;11;8;29;182
juin-18;Education;12;9;8;3;3;16;51
juin-18;Environnement;17;38;18;4;7;12;96
juin-18;Faits divers;15;15;24;7;4;36;101
juin-18;Histoire-hommages;6;10;6;3;4;1;30
juin-18;International;65;97;53;17;137;49;418
juin-18;Justice;14;17;16;3;8;16;74
juin-18;Politique France;24;41;29;6;8;20;128
juin-18;Santé;12;9;9;1;6;15;52
juin-18;Sciences et techniques;10;7;5;4;6;7;39
juin-18;Société;72;87;64;12;26;75;336
juin-18;Sport;117;53;45;14;4;61;294
